samp_ev,exp,grp_esd,mn_ct_ml
LSZ2,FC,chlorophyte colonial 10.00,0.17448200654307525
LSZ2,FC,chlorophyte colonial 32.00,0.04362050163576881
LSZ2,FC,chlorophyte scenedesmus 15.77,0.13157894736842105
LSZ2,FC,chlorophyte scenedesmus 4.58,0.13107626667684796
LSZ2,FC,ciliate cone 19.05,8.383149481768966
LSZ2,FC,ciliate cone 26.42,0.08724100327153762
LSZ2,FC,ciliate cone 33.74,0.1094571768589965
LSZ2,FC,ciliate oblong 44.75,0.0437636761487965
LSZ2,FC,ciliate round 14.00,0.7874309704528971
LSZ2,FC,ciliate round 24.00,0.39294245100448855
LSZ2,FC,ciliate round 5.50,0.10919442860244971
LSZ2,FC,ciliate round 9.50,1.1075684838512616
LSZ2,FC,cyanobacteria aphanizomenon 19.73,0.5234460196292258
LSZ2,FC,diatom centric 10.87,14.98799113306007
LSZ2,FC,diatom centric 16.03,2.0142220295366786
LSZ2,FC,diatom centric 28.05,27.65241042037502
LSZ2,FC,diatom centric 45.79,0.5234460196292258
LSZ2,FC,diatom centric 6.30,7.384106197308796
LSZ2,FC,diatom chain 11.54,0.13157894736842105
LSZ2,FC,diatom chain 22.58,0.2631578947368421
LSZ2,FC,diatom chain 23.75,0.04362050163576881
LSZ2,FC,diatom chain 26.94,0.20386494713797426
LSZ2,FC,diatom chain 30.24,0.04362050163576881
LSZ2,FC,diatom chain 33.96,0.0437636761487965
LSZ2,FC,diatom pennate 20.52,0.04362050163576881
LSZ2,FC,diatom pennate 3.11,1.4912280701754386
LSZ2,FC,diatom pennate 4.93,2.7967947999016864
LSZ2,FC,diatom pennate 6.46,0.6578947368421052
LSZ2,FC,diatom pennate fragillaria 78.92,0.04362050163576881
LSZ2,FC,diatom pennate pleurosigma 35.56,0.13086150490730644
LSZ2,FC,dinoflagellate peridinium 20.00,0.42273157601829137
LSZ2,FC,flagellate cryptomonas 10.43,2.5648215630417406
LSZ2,FC,flagellate cryptomonas 11.54,0.7017543859649122
LSZ2,FC,flagellate cryptomonas 18.32,0.7202393877857823
LSZ2,FC,flagellate cryptomonas 4.20,19.920766373257994
LSZ2,FC,flagellate cryptomonas 7.25,5.64489216063583
LSZ2,FC,flagellate other 10.43,0.043692088892282654
LSZ2,FC,flagellate other 4.20,5.832039983255001
LSZ2,FC,flagellate other 7.25,0.8892121409363577
LSZ2,FC,tintinnid agglutinated 25.20,0.26258205689277897
LSZ2,FC,tintinnid agglutinated 31.83,0.284370276837131
LSZ2,FC,unidentified flagchloro 7.05,1.0940919037199124
LSZ2,FC,unidentified flagchloro 8.55,1.245575771489793
LSZ2,FC,unidentified NA 25.20,0.04362050163576881
LSZ2,FC,unidentified round 16.00,0.04362050163576881
LSZ2,FC,unidentified round 24.50,0.3489640130861505
LSZ2,FC,unidentified round 5.50,5.102178109959393
LSZ2,FC,unidentified round 9.50,0.9177675021457687
LSZ2,IC,chlorophyte colonial 32.00,0.04357298474945534
LSZ2,IC,chlorophyte colonial 40.00,0.04357298474945534
LSZ2,IC,chlorophyte pediastrum 45.79,0.04017032216598377
LSZ2,IC,chlorophyte scenedesmus 4.58,0.20085161082991884
LSZ2,IC,chlorophyte scenedesmus 8.62,0.08714596949891068
LSZ2,IC,ciliate cone 19.05,2.261510372607306
LSZ2,IC,ciliate round 14.00,0.24010825507997044
LSZ2,IC,ciliate round 24.00,0.08714596949891068
LSZ2,IC,ciliate round 5.50,0.09940185602641474
LSZ2,IC,ciliate round 9.50,0.20992537771917638
LSZ2,IC,cyanobacteria aphanizomenon 12.43,0.4357298474945534
LSZ2,IC,diatom centric 10.87,14.41241845818427
LSZ2,IC,diatom centric 16.03,1.496257858811557
LSZ2,IC,diatom centric 28.05,27.70410068100511
LSZ2,IC,diatom centric 6.30,3.460035255365101
LSZ2,IC,diatom chain 15.66,0.2410219329959026
LSZ2,IC,diatom chain 24.00,0.4357298474945534
LSZ2,IC,diatom chain 26.78,0.21276092987206932
LSZ2,IC,diatom pennate 16.29,0.08544463820717489
LSZ2,IC,diatom pennate 18.64,0.08714596949891068
LSZ2,IC,diatom pennate 24.00,0.10723113058190256
LSZ2,IC,diatom pennate 3.91,0.32136257732787016
LSZ2,IC,diatom pennate 4.58,2.265795206971678
LSZ2,IC,diatom pennate 4.93,5.4467176120870135
LSZ2,IC,diatom pennate fragillaria 26.42,0.04357298474945534
LSZ2,IC,diatom pennate fragillaria 60.48,0.04017032216598377
LSZ2,IC,diatom pennate pleurosigma 16.97,0.04017032216598377
LSZ2,IC,diatom pennate pleurosigma 9.93,0.04357298474945534
LSZ2,IC,dinoflagellate peridinium 21.25,0.522214188157789
LSZ2,IC,dinoflagellate peridinium 24.00,0.3485838779956427
LSZ2,IC,flagellate cryptomonas 10.43,2.101963304804528
LSZ2,IC,flagellate cryptomonas 11.54,1.6993464052287581
LSZ2,IC,flagellate cryptomonas 18.32,0.6866289538230331
LSZ2,IC,flagellate cryptomonas 4.20,19.136794912389316
LSZ2,IC,flagellate cryptomonas 7.25,6.5743851971575165
LSZ2,IC,flagellate other 10.43,0.30501089324618735
LSZ2,IC,flagellate other 4.20,5.388147707062258
LSZ2,IC,flagellate other 7.25,0.5315084979922715
LSZ2,IC,tintinnid agglutinated 31.83,0.08714596949891068
LSZ2,IC,tintinnid agglutinated 40.32,0.04357298474945534
LSZ2,IC,unidentified flagchloro 5.77,0.08034064433196754
LSZ2,IC,unidentified NA 16.64,0.04017032216598377
LSZ2,IC,unidentified round 24.50,0.17429193899782136
LSZ2,IC,unidentified round 5.50,5.601727796445163
LSZ2,IC,unidentified round 9.50,0.46228951932665086
LSZ2,site,chlorophyte colonial 6.87,0.18477457501847744
LSZ2,site,chlorophyte scenedesmus 18.32,0.18477457501847744
LSZ2,site,chlorophyte scenedesmus 6.60,0.06159152500615915
LSZ2,site,ciliate cone 14.54,0.06159152500615915
LSZ2,site,ciliate round 14.00,0.6159152500615915
LSZ2,site,ciliate round 24.00,0.7390983000739098
LSZ2,site,diatom centric 10.87,6.159152500615915
LSZ2,site,diatom chain 22.58,0.06159152500615915
LSZ2,site,diatom chain 29.07,0.06159152500615915
LSZ2,site,diatom NA 24.86,0.5543237250554324
LSZ2,site,diatom pennate 13.21,0.06159152500615915
LSZ2,site,diatom pennate 15.66,0.18477457501847744
LSZ2,site,diatom pennate 6.60,0.18477457501847744
LSZ2,site,dinoflagellate peridinium 24.00,0.5543237250554324
LSZ2,site,flagellate cryptomonas 7.25,3.8186745503818673
LSZ2,site,flagellate other 7.25,0.6159152500615915
LSZ2,site,tintinnid agglutinated 18.32,0.06159152500615915
LSZ2,site,tintinnid agglutinated 28.46,0.18477457501847744
LSZ2,site,unidentified flagchloro 6.60,6.590293175659029
LSZ2,site,unidentified NA 10.08,0.06159152500615915
LSZ2,site,unidentified NA 18.32,0.1231830500123183
LSZ2,site,unidentified NA 26.42,0.06159152500615915
LSZ2,site,unidentified NA 9.16,0.06159152500615915
LSZ2,site,unidentified round 14.00,0.8622813500862281
LSZ2,site,unidentified round 16.00,0.1231830500123183
LSZ2,site,unidentified round 24.50,2.463661000246366
LSZ2,site,unidentified round 40.00,0.18477457501847744
LSZ2,site,unidentified round 5.50,7.329391475732939
LSZ2,site,unidentified round 9.50,6.898250800689825
LSZ2,T24,chlorophyte colonial 4.00,0.08743169398907104
LSZ2,T24,chlorophyte other 10.00,0.04371584699453552
LSZ2,T24,chlorophyte scenedesmus 11.70,0.18076644974692696
LSZ2,T24,chlorophyte scenedesmus 18.32,0.04371584699453552
LSZ2,T24,ciliate cone 19.05,1.4950203296817262
LSZ2,T24,ciliate cone 30.61,0.04519161243673174
LSZ2,T24,ciliate round 14.00,0.24878669185426705
LSZ2,T24,ciliate round 24.00,0.13557483731019523
LSZ2,T24,ciliate round 40.00,0.18076644974692696
LSZ2,T24,ciliate round 48.00,0.13129102844638948
LSZ2,T24,ciliate round 5.50,0.06631165321290139
LSZ2,T24,ciliate round 9.50,0.36880573653815296
LSZ2,T24,cyanobacteria aphanizomenon 12.43,0.4971077368040492
LSZ2,T24,cyanobacteria aphanizomenon 19.73,0.2185792349726776
LSZ2,T24,cyanobacteria aphanizomenon 22.58,0.0437636761487965
LSZ2,T24,diatom centric 10.87,2.990226364787236
LSZ2,T24,diatom centric 16.03,0.7194230105940107
LSZ2,T24,diatom centric 28.05,5.09119474261798
LSZ2,T24,diatom centric 6.30,2.006590726903976
LSZ2,T24,diatom chain 25.52,0.08743169398907104
LSZ2,T24,diatom pennate 13.21,0.04519161243673174
LSZ2,T24,diatom pennate 16.64,0.0437636761487965
LSZ2,T24,diatom pennate 4.93,2.3396048058201613
LSZ2,T24,diatom pennate 7.83,0.4067245119305857
LSZ2,T24,dinoflagellate peridinium 16.00,0.0437636761487965
LSZ2,T24,dinoflagellate peridinium 24.00,0.04519161243673174
LSZ2,T24,flagellate cryptomonas 10.43,0.34996592172758906
LSZ2,T24,flagellate cryptomonas 4.20,12.623130507545053
LSZ2,T24,flagellate cryptomonas 7.25,2.8088075770787095
LSZ2,T24,flagellate other 10.43,0.08743169398907104
LSZ2,T24,flagellate other 4.20,4.940090387591056
LSZ2,T24,flagellate other 7.25,0.37984489684841405
LSZ2,T24,unidentified flagchloro 7.05,1.8380743982494527
LSZ2,T24,unidentified flagchloro 8.55,3.7960954446854664
LSZ2,T24,unidentified round 24.50,0.17719660902708886
LSZ2,T24,unidentified round 5.50,5.615363790388887
LSZ2,T24,unidentified round 9.50,0.48752438934546627
SJR1,FC,chlorophyte colonial 12.00,0.04362050163576881
SJR1,FC,chlorophyte colonial 24.00,0.08724100327153762
SJR1,FC,chlorophyte colonial 8.00,0.2908033442384587
SJR1,FC,chlorophyte scenedesmus 5.04,0.13086150490730644
SJR1,FC,ciliate cone 19.05,4.654217692285954
SJR1,FC,ciliate cone 26.42,0.24233612019871562
SJR1,FC,ciliate round 14.00,3.133956278678803
SJR1,FC,ciliate round 24.00,0.2689930934205743
SJR1,FC,ciliate round 48.00,0.04362050163576881
SJR1,FC,ciliate round 5.50,1.7375666825367377
SJR1,FC,ciliate round 9.50,1.2241384531211674
SJR1,FC,cyanobacteria aphanizomenon 19.73,0.13086150490730644
SJR1,FC,cyanobacteria aphanizomenon 22.58,0.2908033442384587
SJR1,FC,diatom centric 10.87,11.621688792692787
SJR1,FC,diatom centric 16.03,1.5482808133299457
SJR1,FC,diatom centric 28.05,15.554418149173483
SJR1,FC,diatom centric 54.95,0.14540167211922936
SJR1,FC,diatom centric 6.30,6.308329159254077
SJR1,FC,diatom pennate 14.54,0.06045218232378188
SJR1,FC,diatom pennate 15.30,0.08724100327153762
SJR1,FC,diatom pennate 18.32,0.04846722403974312
SJR1,FC,diatom pennate 34.18,0.06045218232378188
SJR1,FC,diatom pennate 4.93,0.899067005937235
SJR1,FC,diatom pennate 6.60,1.2694958287994196
SJR1,FC,flagellate other 10.43,0.9854123236575122
SJR1,FC,flagellate other 4.20,6.970856950007869
SJR1,FC,flagellate other 7.25,1.3496530932509303
SJR1,FC,ochrophyte synura 16.00,0.04604386283775597
SJR1,FC,unidentified flagchloro 8.55,1.890221737549982
SJR1,FC,unidentified NA 27.36,0.04362050163576881
SJR1,FC,unidentified rotifer 63.07,0.06045218232378188
SJR1,FC,unidentified round 14.00,0.3586574578940991
SJR1,FC,unidentified round 24.50,0.6185011981222598
SJR1,FC,unidentified round 48.00,0.18135654697134565
SJR1,FC,unidentified round 5.50,6.951739908737641
SJR1,FC,unidentified round 64.00,0.04362050163576881
SJR1,FC,unidentified round 9.50,1.3286506295003748
SJR1,IC,chlorophyte other 10.00,0.26344676180021953
SJR1,IC,chlorophyte scenedesmus 4.00,0.13172338090010977
SJR1,IC,chlorophyte scenedesmus 5.04,0.308030803080308
SJR1,IC,ciliate cone 19.05,3.6469679062412537
SJR1,IC,ciliate cone 26.42,0.11786892975011785
SJR1,IC,ciliate other odd shape 51.83,0.04390779363336992
SJR1,IC,ciliate round 14.00,1.0383351334976685
SJR1,IC,ciliate round 24.00,0.2855938722302527
SJR1,IC,ciliate round 48.00,0.03928964325003929
SJR1,IC,ciliate round 5.50,0.08634060834341235
SJR1,IC,ciliate round 56.00,0.08781558726673984
SJR1,IC,ciliate round 9.50,1.2350495935067345
SJR1,IC,cyanobacteria aphanizomenon 15.72,0.044004400440044
SJR1,IC,cyanobacteria aphanizomenon 19.73,0.6286342920006286
SJR1,IC,cyanobacteria dolichospermum 12.43,0.6586169045005488
SJR1,IC,cyanobacteria dolichospermum 15.66,0.04390779363336992
SJR1,IC,diatom centric 10.87,10.677613942984387
SJR1,IC,diatom centric 16.03,0.24274990355132944
SJR1,IC,diatom centric 28.05,23.663951152838347
SJR1,IC,diatom centric 54.95,0.176017601760176
SJR1,IC,diatom centric 6.30,2.797907933598231
SJR1,IC,diatom chain 26.78,0.03928964325003929
SJR1,IC,diatom chain 38.10,0.03928964325003929
SJR1,IC,diatom chain 39.46,0.04390779363336992
SJR1,IC,diatom pennate 3.11,0.4829857299670691
SJR1,IC,diatom pennate 32.27,0.07857928650007857
SJR1,IC,diatom pennate 4.93,1.012101210121012
SJR1,IC,diatom pennate pleurosigma 14.46,0.07857928650007857
SJR1,IC,flagellate NA 20.16,0.04390779363336992
SJR1,IC,flagellate other 10.43,0.13872679934346474
SJR1,IC,flagellate other 4.20,3.356473538734355
SJR1,IC,flagellate other 7.25,1.8088802241783948
SJR1,IC,ochrophyte synura 32.00,0.04390779363336992
SJR1,IC,unidentified flagchloro 7.83,1.364136413641364
SJR1,IC,unidentified NA 10.48,1.3172338090010975
SJR1,IC,unidentified NA 21.72,0.11786892975011785
SJR1,IC,unidentified NA 38.56,0.176017601760176
SJR1,IC,unidentified rotifer 65.15,0.08781558726673984
SJR1,IC,unidentified round 14.00,0.044004400440044
SJR1,IC,unidentified round 24.50,2.5375249876668184
SJR1,IC,unidentified round 5.50,6.356261521296137
SJR1,IC,unidentified round 64.00,0.04390779363336992
SJR1,IC,unidentified round 9.50,1.1319776063121967
SJR1,site,ciliate cone 26.42,0.10570265842185932
SJR1,site,ciliate round 14.00,0.05285132921092966
SJR1,site,ciliate round 24.00,2.114053168437186
SJR1,site,ciliate round 36.00,0.15855398763278897
SJR1,site,cyanobacteria dolichospermum 10.48,0.05285132921092966
SJR1,site,cyanobacteria other 19.05,0.7927699381639448
SJR1,site,diatom centric 10.87,0.3699593044765076
SJR1,site,diatom centric 28.05,41.80540140584536
SJR1,site,diatom centric 6.30,0.7399186089530152
SJR1,site,flagellate other 7.25,0.21140531684371863
SJR1,site,ochrophyte synura 16.00,0.7399186089530152
SJR1,site,unidentified flagchloro 6.60,4.492362982929021
SJR1,site,unidentified NA 14.54,0.7927699381639448
SJR1,site,unidentified NA 28.46,2.114053168437186
SJR1,site,unidentified NA 3.91,0.10570265842185932
SJR1,site,unidentified NA 42.51,2.8539717773902016
SJR1,site,unidentified NA 9.16,0.05285132921092966
SJR1,site,unidentified round 24.50,1.8497965223825379
SJR1,site,unidentified round 40.00,0.21140531684371863
SJR1,site,unidentified round 5.50,8.139104698483168
SJR1,T24,chlorophyte colonial 32.00,0.0495687518588282
SJR1,T24,chlorophyte scenedesmus 5.04,0.148544266191325
SJR1,T24,chlorophyte scenedesmus 6.60,0.5452562704471101
SJR1,T24,ciliate cone 19.05,1.1869766070816594
SJR1,T24,ciliate round 14.00,0.6501124166521046
SJR1,T24,ciliate round 24.00,0.1561801049029336
SJR1,T24,ciliate round 5.50,0.0955070772413816
SJR1,T24,ciliate round 9.50,0.3765736698408275
SJR1,T24,cyanobacteria aphanizomenon 12.43,0.44150110375275936
SJR1,T24,cyanobacteria aphanizomenon 14.54,0.19816701451187307
SJR1,T24,cyanobacteria dolichospermum 12.93,0.0495687518588282
SJR1,T24,cyanobacteria dolichospermum 15.66,0.48565121412803525
SJR1,T24,diatom centric 10.87,3.900554487114575
SJR1,T24,diatom centric 16.03,0.5394056572697989
SJR1,T24,diatom centric 28.05,5.887918715270373
SJR1,T24,diatom centric 45.79,0.044150110375275935
SJR1,T24,diatom centric 6.30,3.458059877073567
SJR1,T24,diatom pennate 14.46,0.044150110375275935
SJR1,T24,diatom pennate 15.72,0.04951475539710833
SJR1,T24,diatom pennate 4.76,1.5452538631346577
SJR1,T24,diatom pennate 6.21,0.2649006622516556
SJR1,T24,diatom pennate 6.60,1.2392187964707049
SJR1,T24,diatom pennate 7.83,0.49514755397108334
SJR1,T24,flagellate NA 20.16,0.044150110375275935
SJR1,T24,flagellate other 10.43,0.13962118997551096
SJR1,T24,flagellate other 4.20,6.150043635172462
SJR1,T24,flagellate other 7.25,2.2045053418494556
SJR1,T24,unidentified flagchloro 6.60,4.978635759955921
SJR1,T24,unidentified NA 11.54,0.7435312778824229
SJR1,T24,unidentified NA 14.54,0.6932065755595167
SJR1,T24,unidentified NA 20.16,1.280353200883002
SJR1,T24,unidentified NA 27.36,0.148544266191325
SJR1,T24,unidentified round 14.00,0.17449123719648713
SJR1,T24,unidentified round 24.50,3.2359503832525576
SJR1,T24,unidentified round 40.00,0.19805902158843333
SJR1,T24,unidentified round 48.00,0.17660044150110374
SJR1,T24,unidentified round 5.50,5.799639773655243
SJR1,T24,unidentified round 9.50,0.6995551767669198
SJR2,FC,chlorophyte colonial 10.00,0.5683060109289617
SJR2,FC,chlorophyte scenedesmus 13.21,0.04357298474945534
SJR2,FC,chlorophyte scenedesmus 20.16,0.04371584699453552
SJR2,FC,chlorophyte scenedesmus 4.00,0.087527352297593
SJR2,FC,chlorophyte scenedesmus 5.04,0.4371584699453552
SJR2,FC,ciliate cone 19.05,6.579520697167756
SJR2,FC,ciliate cone 22.58,0.04357298474945534
SJR2,FC,ciliate round 14.00,1.0050696558950252
SJR2,FC,ciliate round 24.00,6.758211667922182
SJR2,FC,ciliate round 40.00,0.13129102844638948
SJR2,FC,ciliate round 5.50,0.1311636924409278
SJR2,FC,ciliate round 9.50,0.7574411392050081
SJR2,FC,cyanobacteria aphanizomenon 11.04,0.6120218579234973
SJR2,FC,cyanobacteria aphanizomenon 19.73,1.312910284463895
SJR2,FC,cyanobacteria aphanizomenon 22.58,2.7886710239651418
SJR2,FC,cyanobacteria dolichospermum 15.12,0.2185792349726776
SJR2,FC,cyanobacteria dolichospermum 19.73,0.437636761487965
SJR2,FC,diatom centric 10.87,2.504966091187637
SJR2,FC,diatom centric 16.03,1.0192761651459419
SJR2,FC,diatom centric 28.05,0.7279158584099688
SJR2,FC,diatom centric 6.30,5.549490995940279
SJR2,FC,diatom chain 19.73,0.0437636761487965
SJR2,FC,diatom pennate 11.54,0.0437636761487965
SJR2,FC,diatom pennate 15.30,0.08745560856620153
SJR2,FC,diatom pennate 25.27,0.04373976157166601
SJR2,FC,diatom pennate 4.16,0.6120218579234973
SJR2,FC,diatom pennate 4.93,1.8207020991606218
SJR2,FC,diatom pennate 9.86,0.087527352297593
SJR2,FC,diatom pennate fragillaria 38.10,0.0437636761487965
SJR2,FC,diatom pennate pleurosigma 16.97,0.13129102844638948
SJR2,FC,diatom pennate pleurosigma 25.01,0.30501089324618735
SJR2,FC,dinoflagellate peridinium 16.00,0.13114754098360656
SJR2,FC,dinoflagellate peridinium 21.25,0.26258205689277897
SJR2,FC,flagellate cryptomonas 10.43,1.8495447464272
SJR2,FC,flagellate cryptomonas 11.54,1.0038215650558948
SJR2,FC,flagellate cryptomonas 18.32,0.6564551422319475
SJR2,FC,flagellate cryptomonas 4.20,0.5246705044092306
SJR2,FC,flagellate cryptomonas 7.25,3.104451292141334
SJR2,FC,flagellate other 4.20,11.97516051748123
SJR2,FC,flagellate other 7.25,1.1218202046342751
SJR2,FC,unidentified NA 12.00,0.26258205689277897
SJR2,FC,unidentified NA 14.54,0.08714596949891068
SJR2,FC,unidentified NA 34.47,0.0437636761487965
SJR2,FC,unidentified NA 7.96,0.30601092896174864
SJR2,FC,unidentified round 24.50,0.15307720821226578
SJR2,FC,unidentified round 5.50,4.035213094642929
SJR2,FC,unidentified round 9.50,0.7720605005456458
SJR2,IC,chlorophyte scenedesmus 20.16,0.04362070913382923
SJR2,IC,chlorophyte scenedesmus 4.00,0.17429214581778352
SJR2,IC,chlorophyte scenedesmus 7.96,0.39344262295081966
SJR2,IC,ciliate cone 19.05,1.9331829832647605
SJR2,IC,ciliate cone 22.58,0.17486338797814208
SJR2,IC,ciliate oblong 16.64,0.04371584699453552
SJR2,IC,ciliate round 14.00,0.4068723642923617
SJR2,IC,ciliate round 40.00,0.1090037889080991
SJR2,IC,ciliate round 5.50,0.043525571273122954
SJR2,IC,ciliate round 9.50,0.3633782981414137
SJR2,IC,cyanobacteria aphanizomenon 19.73,1.1634386160984296
SJR2,IC,cyanobacteria dolichospermum 19.73,1.2240437158469946
SJR2,IC,diatom centric 10.87,1.947880537755518
SJR2,IC,diatom centric 16.03,0.8147276123139611
SJR2,IC,diatom centric 28.05,1.1337243059339557
SJR2,IC,diatom centric 45.79,0.08743169398907104
SJR2,IC,diatom centric 6.30,6.207621413702139
SJR2,IC,diatom chain 25.52,0.13114754098360656
SJR2,IC,diatom chain 26.94,0.17448200654307525
SJR2,IC,diatom pennate 12.93,0.08724100327153762
SJR2,IC,diatom pennate 15.66,0.04371584699453552
SJR2,IC,diatom pennate 16.29,0.13057671381936886
SJR2,IC,diatom pennate 18.32,0.043525571273122954
SJR2,IC,diatom pennate 26.04,0.08724100327153762
SJR2,IC,diatom pennate 3.63,0.26229508196721313
SJR2,IC,diatom pennate 3.91,0.6319276915427726
SJR2,IC,diatom pennate 4.93,2.2463238136011467
SJR2,IC,diatom pennate 6.21,2.3555070883315157
SJR2,IC,diatom pennate 7.27,0.7399347116430902
SJR2,IC,diatom pennate 7.83,0.08724100327153762
SJR2,IC,diatom pennate pleurosigma 12.44,0.5245901639344263
SJR2,IC,diatom pennate pleurosigma 16.97,0.13057671381936886
SJR2,IC,diatom pennate pleurosigma 19.43,0.17448200654307525
SJR2,IC,dinoflagellate peridinium 24.00,0.2763274322592484
SJR2,IC,flagellate colonial 16.00,0.04362050163576881
SJR2,IC,flagellate cryptomonas 10.43,2.2983051296890222
SJR2,IC,flagellate cryptomonas 11.54,1.090230239783008
SJR2,IC,flagellate cryptomonas 17.93,0.043525571273122954
SJR2,IC,flagellate cryptomonas 4.20,5.785129684785568
SJR2,IC,flagellate cryptomonas 7.25,7.022860577901076
SJR2,IC,flagellate other 4.20,6.469009763728292
SJR2,IC,flagellate other 7.25,1.7162843096665001
SJR2,IC,tintinnid agglutinated 26.42,0.04371584699453552
SJR2,IC,tintinnid agglutinated 33.28,0.04362050163576881
SJR2,IC,unidentified NA 10.00,0.26229508196721313
SJR2,IC,unidentified round 14.00,0.17467269726060866
SJR2,IC,unidentified round 24.50,0.5087806619208445
SJR2,IC,unidentified round 28.00,0.17486338797814208
SJR2,IC,unidentified round 5.50,7.2260401541125265
SJR2,IC,unidentified round 9.50,1.4250362970845438
SJR2,site,chlorophyte scenedesmus 4.00,0.4374453193350831
SJR2,site,ciliate cone 14.54,1.249843769528809
SJR2,site,ciliate round 14.00,0.18747656542932134
SJR2,site,ciliate round 24.00,0.2499687539057618
SJR2,site,cyanobacteria other 25.27,0.4999375078115236
SJR2,site,diatom centric 10.87,3.8120234970628672
SJR2,site,diatom centric 16.03,2.8746406699162605
SJR2,site,diatom centric 28.05,1.8747656542932134
SJR2,site,diatom centric 6.30,10.123734533183352
SJR2,site,diatom chain 11.54,0.06249218847644045
SJR2,site,diatom chain 129.07,0.06249218847644045
SJR2,site,diatom chain 23.75,0.06249218847644045
SJR2,site,diatom pennate 31.51,0.06249218847644045
SJR2,site,diatom pennate 4.93,3.8120234970628672
SJR2,site,diatom pennate 42.77,0.18747656542932134
SJR2,site,diatom pennate 5.45,0.562429696287964
SJR2,site,diatom pennate pleurosigma 16.97,0.1249843769528809
SJR2,site,flagellate cryptomonas 10.43,2.6246719160104988
SJR2,site,flagellate cryptomonas 11.54,1.4373203349581303
SJR2,site,flagellate cryptomonas 4.20,20.74740657417823
SJR2,site,flagellate cryptomonas 7.25,6.99912510936133
SJR2,site,flagellate NA 10.08,0.7499062617172854
SJR2,site,flagellate other 4.20,18.37270341207349
SJR2,site,flagellate other 7.25,2.4371953505811774
SJR2,site,tintinnid hyaline 38.56,0.06249218847644045
SJR2,site,unidentified NA 20.16,3.062117235345582
SJR2,site,unidentified NA 43.43,0.4374453193350831
SJR2,site,unidentified round 24.50,1.124859392575928
SJR2,site,unidentified round 5.50,8.873890763654543
SJR2,site,unidentified round 56.00,0.06249218847644045
SJR2,site,unidentified round 9.50,1.812273465816773
SJR2,T24,chlorophyte scenedesmus 4.00,0.08724100327153762
SJR2,T24,chlorophyte scenedesmus 4.58,0.043525571273122954
SJR2,T24,chlorophyte scenedesmus 5.04,0.26229508196721313
SJR2,T24,ciliate cone 19.05,2.050163576881134
SJR2,T24,ciliate round 14.00,0.11641695971823077
SJR2,T24,ciliate round 24.00,1.5037252418582803
SJR2,T24,ciliate round 40.00,0.043668174315152165
SJR2,T24,ciliate round 5.50,0.10924194480695544
SJR2,T24,ciliate round 9.50,0.3344249525305498
SJR2,T24,cyanobacteria aphanizomenon 19.73,0.40737990454816875
SJR2,T24,cyanobacteria dolichospermum 16.29,0.3925845147219193
SJR2,T24,diatom centric 10.87,0.53760771037892785
SJR2,T24,diatom centric 16.03,0.24727901795369833
SJR2,T24,diatom centric 28.05,0.08714607290889176
SJR2,T24,diatom centric 36.63,0.04371584699453552
SJR2,T24,diatom centric 6.30,2.9226160429498678
SJR2,T24,diatom other 11.54,0.043525571273122954
SJR2,T24,diatom pennate 12.93,0.04362050163576881
SJR2,T24,diatom pennate 15.30,0.08743169398907104
SJR2,T24,diatom pennate 3.91,0.2617230098146129
SJR2,T24,diatom pennate 4.16,0.4808743169398907
SJR2,T24,diatom pennate 4.93,0.7992363431590559
SJR2,T24,diatom pennate pleurosigma 15.76,0.13086150490730644
SJR2,T24,flagellate cryptomonas 10.43,0.4073485377580341
SJR2,T24,flagellate cryptomonas 11.54,0.08724100327153762
SJR2,T24,flagellate cryptomonas 4.20,0.7861241430159891
SJR2,T24,flagellate cryptomonas 7.25,0.784442198321169
SJR2,T24,flagellate other 4.20,7.287251321112593
SJR2,T24,flagellate other 7.25,0.40760196205583693
SJR2,T24,unidentified NA 10.00,0.15238696463725326
SJR2,T24,unidentified NA 3.91,0.043525571273122954
SJR2,T24,unidentified NA 38.56,0.043525571273122954
SJR2,T24,unidentified NA 4.76,1.2187159956474427
SJR2,T24,unidentified round 24.50,0.13086212740148773
SJR2,T24,unidentified round 5.50,2.1240138138634803
SJR2,T24,unidentified round 80.00,0.04371584699453552
SJR2,T24,unidentified round 9.50,0.3488700510477866
WLD2,FC,chlorophyte colonial 10.00,0.088008800880088
WLD2,FC,chlorophyte colonial 12.00,0.09218289085545722
WLD2,FC,chlorophyte scenedesmus 4.58,0.13827433628318583
WLD2,FC,chlorophyte scenedesmus 5.04,0.22002200220022
WLD2,FC,ciliate cone 19.05,5.2422905582476425
WLD2,FC,ciliate cone 22.58,0.32264011799410025
WLD2,FC,ciliate cone 26.42,0.08830022075055187
WLD2,FC,ciliate oblong 10.86,0.264026402640264
WLD2,FC,ciliate oblong 16.64,0.11015671103534194
WLD2,FC,ciliate oblong 20.16,0.18436578171091444
WLD2,FC,ciliate oblong 23.08,0.17660044150110374
WLD2,FC,ciliate oblong 48.66,0.04609144542772861
WLD2,FC,ciliate other 34.47,0.044004400440044
WLD2,FC,ciliate other odd shape 51.83,0.04609144542772861
WLD2,FC,ciliate round 14.00,1.0778988900277044
WLD2,FC,ciliate round 24.00,0.5667513654020269
WLD2,FC,ciliate round 40.00,0.06816650061536658
WLD2,FC,ciliate round 48.00,0.04609144542772861
WLD2,FC,ciliate round 5.50,1.0530383815013198
WLD2,FC,ciliate round 9.50,2.1464467966068326
WLD2,FC,cyanobacteria aphanizomenon 19.73,2.2105390738921513
WLD2,FC,cyanobacteria dolichospermum 11.54,0.13827433628318583
WLD2,FC,cyanobacteria dolichospermum 15.66,0.044150110375275935
WLD2,FC,cyanobacteria dolichospermum 22.10,0.088008800880088
WLD2,FC,cyanobacteria other 16.29,0.2912462153294975
WLD2,FC,diatom centric 10.87,0.24724181488945352
WLD2,FC,diatom centric 16.03,0.11314156858163692
WLD2,FC,diatom centric 28.05,0.3574878148992105
WLD2,FC,diatom centric 6.30,0.47463860282568526
WLD2,FC,diatom chain 13.56,0.044004400440044
WLD2,FC,diatom chain 19.73,0.088008800880088
WLD2,FC,diatom chain 22.58,0.044004400440044
WLD2,FC,diatom egg shaped 43.43,0.044150110375275935
WLD2,FC,diatom pennate 11.54,0.1348444979487888
WLD2,FC,diatom pennate 15.66,0.04609144542772861
WLD2,FC,diatom pennate 16.64,0.5067062997690497
WLD2,FC,diatom pennate 19.73,0.0890523233739303
WLD2,FC,diatom pennate 24.86,0.044004400440044
WLD2,FC,diatom pennate 30.24,0.48565121412803525
WLD2,FC,diatom pennate 4.93,1.6721672167216721
WLD2,FC,diatom pennate 5.65,1.5210176991150441
WLD2,FC,diatom pennate 6.60,0.8388520971302428
WLD2,FC,diatom pennate 8.32,0.17660044150110374
WLD2,FC,diatom pennate fragillaria 33.28,0.04609144542772861
WLD2,FC,diatom pennate pleurosigma 23.63,0.18436578171091444
WLD2,FC,diatom pennate pleurosigma 27.81,0.044150110375275935
WLD2,FC,flagellate cryptomonas 10.43,0.616061606160616
WLD2,FC,flagellate cryptomonas 4.20,4.892065365476945
WLD2,FC,flagellate cryptomonas 7.25,5.376769465025973
WLD2,FC,flagellate cryptomonas 8.32,0.17660044150110374
WLD2,FC,flagellate other 10.43,0.7105347340248881
WLD2,FC,flagellate other 4.20,9.795271590639498
WLD2,FC,flagellate other 7.25,3.4505863653625903
WLD2,FC,tintinnid agglutinated 29.47,1.1479028697571743
WLD2,FC,tintinnid agglutinated 30.24,0.616061606160616
WLD2,FC,tintinnid agglutinated 33.28,0.9218289085545722
WLD2,FC,tintinnid hyaline 20.97,0.044150110375275935
WLD2,FC,unidentified NA 16.64,0.32264011799410025
WLD2,FC,unidentified NA 25.20,0.5991887905604719
WLD2,FC,unidentified NA 26.42,0.30905077262693154
WLD2,FC,unidentified NA 28.46,1.1441144114411441
WLD2,FC,unidentified NA 38.56,0.22002200220022
WLD2,FC,unidentified rotifer 36.63,0.044150110375275935
WLD2,FC,unidentified rotifer 56.38,0.044150110375275935
WLD2,FC,unidentified rotifer 65.15,0.132013201320132
WLD2,FC,unidentified round 14.00,0.2231525696817469
WLD2,FC,unidentified round 24.50,2.249037497764115
WLD2,FC,unidentified round 28.00,0.3687315634218289
WLD2,FC,unidentified round 5.50,14.10304688554577
WLD2,FC,unidentified round 9.50,1.6678981090396443
WLD2,IC,chlorophyte colonial 16.00,0.041942790034393086
WLD2,IC,chlorophyte colonial 6.00,0.08388558006878617
WLD2,IC,chlorophyte colonial 6.87,0.08743169398907104
WLD2,IC,chlorophyte other 16.00,0.041942790034393086
WLD2,IC,chlorophyte scenedesmus 4.58,0.2412083310740386
WLD2,IC,ciliate cone 19.05,0.9054170221950346
WLD2,IC,ciliate oblong 13.68,0.06507282831377868
WLD2,IC,ciliate oblong 20.05,0.044101433296582136
WLD2,IC,ciliate round 14.00,0.5078090135394818
WLD2,IC,ciliate round 24.00,0.2188110134400869
WLD2,IC,ciliate round 36.00,0.041942790034393086
WLD2,IC,ciliate round 40.00,0.06576656364282658
WLD2,IC,ciliate round 5.50,0.11590766908139526
WLD2,IC,ciliate round 9.50,0.7741146066613375
WLD2,IC,cyanobacteria aphanizomenon 19.73,1.534504500546369
WLD2,IC,cyanobacteria dolichospermum 12.43,0.39691289966923926
WLD2,IC,cyanobacteria other 12.43,1.8522601984564497
WLD2,IC,cyanobacteria other 13.21,0.4613706903783239
WLD2,IC,cyanobacteria other 16.29,0.6120218579234973
WLD2,IC,cyanobacteria other 19.05,0.041942790034393086
WLD2,IC,cyanobacteria other 6.75,0.04371584699453552
WLD2,IC,diatom centric 10.87,0.3607273319668894
WLD2,IC,diatom centric 16.03,0.21915761442574752
WLD2,IC,diatom centric 28.05,0.22012158018086406
WLD2,IC,diatom centric 6.30,0.7191674919042408
WLD2,IC,diatom chain 11.54,0.08743169398907104
WLD2,IC,diatom chain 45.17,0.044101433296582136
WLD2,IC,diatom chain 9.16,0.044101433296582136
WLD2,IC,diatom pennate 11.54,0.2205071664829107
WLD2,IC,diatom pennate 12.93,0.2935995302407516
WLD2,IC,diatom pennate 13.74,1.7196543914101163
WLD2,IC,diatom pennate 14.54,0.041942790034393086
WLD2,IC,diatom pennate 15.12,0.4410143329658214
WLD2,IC,diatom pennate 15.30,0.1512324075207319
WLD2,IC,diatom pennate 16.64,2.7342888643880925
WLD2,IC,diatom pennate 160.46,0.08820286659316427
WLD2,IC,diatom pennate 18.64,0.12582837010317924
WLD2,IC,diatom pennate 19.73,0.7868852459016393
WLD2,IC,diatom pennate 21.81,0.04371584699453552
WLD2,IC,diatom pennate 22.96,0.17640573318632854
WLD2,IC,diatom pennate 31.51,0.04371584699453552
WLD2,IC,diatom pennate 32.27,0.1323042998897464
WLD2,IC,diatom pennate 4.93,1.3676874139448005
WLD2,IC,diatom pennate 9.86,0.6615214994487321
WLD2,IC,diatom pennate pleurosigma 13.91,0.2205071664829107
WLD2,IC,flagellate cryptomonas 10.43,1.243346790469332
WLD2,IC,flagellate cryptomonas 11.54,0.5065881034576246
WLD2,IC,flagellate cryptomonas 4.20,9.110594255128824
WLD2,IC,flagellate cryptomonas 7.25,11.760902531691665
WLD2,IC,flagellate euglenid 12.70,0.08820286659316427
WLD2,IC,flagellate other 10.43,0.30813165362300504
WLD2,IC,flagellate other 4.20,4.65748378469153
WLD2,IC,flagellate other 7.25,0.45167986080895683
WLD2,IC,tintinnid hyaline 16.64,0.044101433296582136
WLD2,IC,tintinnid hyaline 17.24,0.08820286659316427
WLD2,IC,unidentified NA 16.64,1.0551569155505751
WLD2,IC,unidentified NA 20.16,0.041942790034393086
WLD2,IC,unidentified NA 21.72,0.308710033076075
WLD2,IC,unidentified NA 25.20,0.7549702206190755
WLD2,IC,unidentified NA 25.27,0.044101433296582136
WLD2,IC,unidentified rotifer 46.78,0.04371584699453552
WLD2,IC,unidentified rotifer 65.15,0.08388558006878617
WLD2,IC,unidentified round 24.50,0.7087590215958031
WLD2,IC,unidentified round 48.00,0.16777116013757234
WLD2,IC,unidentified round 5.50,5.4403869986521745
WLD2,IC,unidentified round 9.50,0.9251279884562614
WLD2,site,chlorophyte colonial 6.00,6.52145558888744
WLD2,site,chlorophyte scenedesmus 13.21,0.0652145558888744
WLD2,site,chlorophyte scenedesmus 4.58,0.1956436676666232
WLD2,site,ciliate cone 33.74,0.0652145558888744
WLD2,site,ciliate oblong 18.32,0.0652145558888744
WLD2,site,ciliate oblong 29.47,0.0652145558888744
WLD2,site,ciliate round 14.00,0.1304291117777488
WLD2,site,ciliate round 24.00,1.1738620059997391
WLD2,site,ciliate round 48.00,0.0652145558888744
WLD2,site,ciliate round 5.50,0.0652145558888744
WLD2,site,ciliate round 9.50,0.0652145558888744
WLD2,site,cyanobacteria aphanizomenon 12.00,0.326072779444372
WLD2,site,cyanobacteria dolichospermum 12.43,0.0652145558888744
WLD2,site,cyanobacteria dolichospermum 14.46,0.1304291117777488
WLD2,site,cyanobacteria other 11.54,0.0652145558888744
WLD2,site,cyanobacteria other 14.54,0.7173601147776184
WLD2,site,diatom centric 10.87,0.1956436676666232
WLD2,site,diatom centric 28.05,0.9130037824442416
WLD2,site,diatom chain 30.24,0.0652145558888744
WLD2,site,diatom egg shaped 20.16,0.0652145558888744
WLD2,site,diatom NA 24.86,0.652145558888744
WLD2,site,diatom pennate 13.21,0.4565018912221208
WLD2,site,diatom pennate 15.30,0.1304291117777488
WLD2,site,diatom pennate 15.66,0.1304291117777488
WLD2,site,diatom pennate 16.87,0.0652145558888744
WLD2,site,diatom pennate 21.81,0.1956436676666232
WLD2,site,diatom pennate 7.83,1.0434328942219904
WLD2,site,diatom pennate 9.86,1.1086474501108647
WLD2,site,diatom pennate pleurosigma 13.47,0.4565018912221208
WLD2,site,dinoflagellate prorocentrum 17.60,0.8477892265553671
WLD2,site,flagellate cryptomonas 7.25,7.630103038998304
WLD2,site,flagellate other 4.20,0.978218338333116
WLD2,site,tintinnid agglutinated 27.36,0.0652145558888744
WLD2,site,unidentified NA 10.00,0.2608582235554976
WLD2,site,unidentified NA 18.32,0.0652145558888744
WLD2,site,unidentified NA 20.16,0.0652145558888744
WLD2,site,unidentified NA 25.20,0.9130037824442416
WLD2,site,unidentified NA 26.42,0.652145558888744
WLD2,site,unidentified NA 43.43,1.0434328942219904
WLD2,site,unidentified NA 5.04,0.326072779444372
WLD2,site,unidentified NA 9.16,0.5869310029998696
WLD2,site,unidentified round 24.50,4.6954480239989564
WLD2,site,unidentified round 28.00,0.1304291117777488
WLD2,site,unidentified round 5.50,7.043172035998435
WLD2,site,unidentified round 9.50,4.565018912221208
WLD2,site,unidentified triangle 5.24,0.4565018912221208
WLD2,T24,chlorophyte colonial 8.00,0.04083466045979828
WLD2,T24,chlorophyte other 10.00,0.44918126505778105
WLD2,T24,chlorophyte scenedesmus 4.58,0.12250398137939483
WLD2,T24,chlorophyte scenedesmus 5.04,0.2182034301239599
WLD2,T24,ciliate cone 19.05,1.0699515207499464
WLD2,T24,ciliate cone 22.58,0.042452029206996096
WLD2,T24,ciliate cone 33.74,0.04083466045979828
WLD2,T24,ciliate oblong 10.86,0.04083466045979828
WLD2,T24,ciliate oblong 16.64,0.04249238541753711
WLD2,T24,ciliate other 18.32,0.08166932091959656
WLD2,T24,ciliate round 14.00,0.279859502973327
WLD2,T24,ciliate round 40.00,0.04083466045979828
WLD2,T24,ciliate round 5.50,0.3403705896945868
WLD2,T24,ciliate round 9.50,1.0503827110499278
WLD2,T24,cyanobacteria aphanizomenon 19.73,0.851666858150645
WLD2,T24,cyanobacteria dolichospermum 17.93,0.042452029206996096
WLD2,T24,diatom centric 10.87,0.2140927479050637
WLD2,T24,diatom centric 16.03,0.04083466045979828
WLD2,T24,diatom centric 28.05,0.15197826456104602
WLD2,T24,diatom centric 6.30,0.7470460172646504
WLD2,T24,diatom pennate 11.54,0.042452029206996096
WLD2,T24,diatom pennate 14.23,0.044150110375275935
WLD2,T24,diatom pennate 15.66,0.044150110375275935
WLD2,T24,diatom pennate 4.93,1.1964176915219942
WLD2,T24,diatom pennate 9.86,0.08490405841399219
WLD2,T24,diatom pennate pleurosigma 15.76,0.16980811682798438
WLD2,T24,diatom pennate pleurosigma 19.43,0.044150110375275935
WLD2,T24,flagellate cryptomonas 10.43,0.12250398137939483
WLD2,T24,flagellate cryptomonas 4.20,6.170226753572864
WLD2,T24,flagellate cryptomonas 7.25,3.0307478752611163
WLD2,T24,flagellate euglenid 22.58,0.044150110375275935
WLD2,T24,flagellate other 10.43,0.08830022075055187
WLD2,T24,flagellate other 4.20,8.23654731788915
WLD2,T24,flagellate other 7.25,0.5109330625611891
WLD2,T24,unidentified flagchloro 5.77,2.030905077262693
WLD2,T24,unidentified NA 28.46,0.08490405841399219
WLD2,T24,unidentified NA 38.56,0.044150110375275935
WLD2,T24,unidentified round 14.00,0.23785243219080116
WLD2,T24,unidentified round 24.50,2.9690949227373067
WLD2,T24,unidentified round 28.00,0.21226014603498047
WLD2,T24,unidentified round 5.50,10.589059219140193
WLD2,T24,unidentified round 9.50,0.7575045857864552
YBP1,FC,chlorophyte colonial 12.00,0.17640573318632854
YBP1,FC,chlorophyte scenedesmus 20.16,0.044101433296582136
YBP1,FC,chlorophyte scenedesmus 4.00,0.474762560999985
YBP1,FC,chlorophyte scenedesmus 5.04,0.28241749374646974
YBP1,FC,chlorophyte scenedesmus 9.16,0.2017267812474784
YBP1,FC,ciliate cone 19.05,6.036447676455214
YBP1,FC,ciliate cone 22.58,5.285241668683934
YBP1,FC,ciliate cone 30.61,0.044101433296582136
YBP1,FC,ciliate other 22.76,0.08820286659316427
YBP1,FC,ciliate round 14.00,1.791433872769907
YBP1,FC,ciliate round 24.00,0.3176144800595634
YBP1,FC,ciliate round 36.00,0.08820286659316427
YBP1,FC,ciliate round 40.00,0.04221903233977877
YBP1,FC,ciliate round 48.00,0.04221903233977877
YBP1,FC,ciliate round 5.50,0.665234116325062
YBP1,FC,ciliate round 9.50,2.801935310196212
YBP1,FC,cyanobacteria aphanizomenon 19.73,0.7497243660418963
YBP1,FC,cyanobacteria aphanizomenon 31.32,0.04221903233977877
YBP1,FC,cyanobacteria dolichospermum 12.43,0.04221903233977877
YBP1,FC,cyanobacteria dolichospermum 14.46,0.12103606874848705
YBP1,FC,cyanobacteria dolichospermum 15.66,0.044101433296582136
YBP1,FC,cyanobacteria NA 8.32,0.4644093557375665
YBP1,FC,diatom centric 10.87,0.29180623221976587
YBP1,FC,diatom centric 16.03,0.2889753600624606
YBP1,FC,diatom centric 28.05,0.5635857059375726
YBP1,FC,diatom centric 6.30,0.7831357584343835
YBP1,FC,diatom chain 38.10,0.08443806467955754
YBP1,FC,diatom chain 45.17,0.08069071249899136
YBP1,FC,diatom cylindrotheca pennate 16.64,0.4841442749939482
YBP1,FC,diatom egg shaped 20.16,0.04221903233977877
YBP1,FC,diatom egg shaped 36.63,0.04034535624949568
YBP1,FC,diatom pennate 13.74,0.4644093557375665
YBP1,FC,diatom pennate 15.66,0.12103606874848705
YBP1,FC,diatom pennate 16.29,0.1323042998897464
YBP1,FC,diatom pennate 16.64,0.2646085997794928
YBP1,FC,diatom pennate 22.96,0.04221903233977877
YBP1,FC,diatom pennate 4.93,1.2262983211648697
YBP1,FC,diatom pennate 6.21,0.12103606874848705
YBP1,FC,diatom pennate 7.83,0.3528114663726571
YBP1,FC,diatom pennate 8.32,0.4644093557375665
YBP1,FC,diatom pennate pleurosigma 12.44,0.39691289966923926
YBP1,FC,diatom pennate pleurosigma 16.97,0.08443806467955754
YBP1,FC,dinoflagellate peridinium 24.00,0.044101433296582136
YBP1,FC,flagellate cryptomonas 10.08,0.32276284999596544
YBP1,FC,flagellate cryptomonas 10.43,0.48039385036269705
YBP1,FC,flagellate cryptomonas 4.20,32.11257329605863
YBP1,FC,flagellate cryptomonas 7.25,1.9869323526209708
YBP1,FC,flagellate in a cone 4.00,1.0878887015144665
YBP1,FC,flagellate in a cone 6.00,1.3230429988974641
YBP1,FC,flagellate other 10.43,0.043160232818180454
YBP1,FC,flagellate other 4.20,11.641143691636211
YBP1,FC,flagellate other 7.25,0.19827999317900993
YBP1,FC,tintinnid agglutinated 18.32,1.0976948408342482
YBP1,FC,tintinnid agglutinated 31.83,0.970231532524807
YBP1,FC,tintinnid agglutinated 33.28,0.5648349874929395
YBP1,FC,tintinnid hyaline 17.24,0.04221903233977877
YBP1,FC,tintinnid hyaline 18.32,0.044101433296582136
YBP1,FC,unidentified flagchloro 6.60,0.29929802829205815
YBP1,FC,unidentified flagchloro 7.83,0.887597837488905
YBP1,FC,unidentified round 24.50,0.32557328205046765
YBP1,FC,unidentified round 5.50,9.253475471655593
YBP1,FC,unidentified round 9.50,0.7390401417154816
YBP1,IC,chlorophyte scenedesmus 4.00,0.4976690290106269
YBP1,IC,chlorophyte scenedesmus 8.62,0.1327433628318584
YBP1,IC,ciliate cone 19.05,1.2361975465862518
YBP1,IC,ciliate oblong 23.08,0.042640286542725565
YBP1,IC,ciliate round 14.00,0.37695325214443487
YBP1,IC,ciliate round 24.00,0.33134616698051533
YBP1,IC,ciliate round 40.00,0.08769182468729197
YBP1,IC,ciliate round 48.00,0.044101433296582136
YBP1,IC,ciliate round 5.50,0.12996662484267701
YBP1,IC,ciliate round 9.50,0.5068223074444204
YBP1,IC,cyanobacteria aphanizomenon 12.43,0.08528057308545113
YBP1,IC,cyanobacteria aphanizomenon 19.73,0.5114976575385591
YBP1,IC,cyanobacteria aphanizomenon 20.52,0.1327433628318584
YBP1,IC,cyanobacteria dolichospermum 10.48,0.1327433628318584
YBP1,IC,cyanobacteria dolichospermum 11.54,0.5733186328555678
YBP1,IC,cyanobacteria dolichospermum 22.10,0.2558417192563534
YBP1,IC,diatom centric 10.87,0.23043472461160772
YBP1,IC,diatom centric 16.03,0.3664611882829021
YBP1,IC,diatom centric 28.05,0.5695206098501474
YBP1,IC,diatom centric 6.30,0.4975769373190586
YBP1,IC,diatom chain 13.56,0.044101433296582136
YBP1,IC,diatom pennate 11.54,0.1323042998897464
YBP1,IC,diatom pennate 15.12,0.5695949852004244
YBP1,IC,diatom pennate 15.72,0.2558417192563534
YBP1,IC,diatom pennate 16.64,0.08528057308545113
YBP1,IC,diatom pennate 22.58,0.08820286659316427
YBP1,IC,diatom pennate 3.91,0.30973451327433627
YBP1,IC,diatom pennate 4.93,1.578976124767296
YBP1,IC,diatom pennate 42.77,0.08849557522123894
YBP1,IC,diatom pennate 8.32,0.17640573318632854
YBP1,IC,diatom pennate pleurosigma 12.44,0.29848200579907896
YBP1,IC,diatom pennate pleurosigma 13.91,0.9261300992282249
YBP1,IC,flagellate colonial 16.00,0.044101433296582136
YBP1,IC,flagellate cryptomonas 10.43,1.4204472436176778
YBP1,IC,flagellate cryptomonas 11.54,0.3515710492831149
YBP1,IC,flagellate cryptomonas 18.32,0.4410143329658214
YBP1,IC,flagellate cryptomonas 4.20,53.21496468115409
YBP1,IC,flagellate cryptomonas 7.25,3.328924786485248
YBP1,IC,flagellate in a cone 4.00,0.4952872482478294
YBP1,IC,flagellate other 4.20,10.563291447176313
YBP1,IC,flagellate other 7.25,0.15442819369505614
YBP1,IC,tintinnid agglutinated 28.46,0.1323042998897464
YBP1,IC,tintinnid agglutinated 34.47,0.08528057308545113
YBP1,IC,tintinnid agglutinated 36.63,0.35398230088495575
YBP1,IC,unidentified flagchloro 6.21,2.7342888643880925
YBP1,IC,unidentified flagchloro 7.83,1.2968911080285999
YBP1,IC,unidentified NA 18.32,0.044101433296582136
YBP1,IC,unidentified NA 32.00,0.042640286542725565
YBP1,IC,unidentified NA 4.76,0.7938257993384785
YBP1,IC,unidentified NA 5.04,0.5309734513274336
YBP1,IC,unidentified NA 7.96,0.08849557522123894
YBP1,IC,unidentified round 16.00,0.04424778761061947
YBP1,IC,unidentified round 24.50,0.292987471498803
YBP1,IC,unidentified round 5.50,7.778569286123429
YBP1,IC,unidentified round 9.50,0.688488807981037
YBP1,site,chlorophyte scenedesmus 13.21,0.06959910913140312
YBP1,site,chlorophyte scenedesmus 4.00,0.626391982182628
YBP1,site,ciliate cone 22.58,0.27839643652561247
YBP1,site,ciliate oblong 20.16,0.06959910913140312
YBP1,site,ciliate round 14.00,1.6703786191536747
YBP1,site,ciliate round 24.00,3.2015590200445434
YBP1,site,ciliate round 56.00,0.20879732739420934
YBP1,site,ciliate round 9.50,0.27839643652561247
YBP1,site,cyanobacteria aphanizomenon 14.54,1.3223830734966593
YBP1,site,cyanobacteria dolichospermum 24.00,0.27839643652561247
YBP1,site,cyanobacteria dolichospermum 7.27,0.48719376391982183
YBP1,site,diatom centric 10.87,0.13919821826280623
YBP1,site,diatom centric 16.03,0.34799554565701557
YBP1,site,diatom centric 28.05,1.9487750556792873
YBP1,site,diatom centric 6.30,1.8095768374164811
YBP1,site,diatom chain 21.18,0.20879732739420934
YBP1,site,diatom chain 26.94,0.06959910913140312
YBP1,site,diatom cylindrotheca pennate 23.08,0.626391982182628
YBP1,site,diatom egg shaped 36.63,0.34799554565701557
YBP1,site,diatom other 13.03,0.20879732739420934
YBP1,site,diatom pennate 11.54,1.183184855233853
YBP1,site,diatom pennate 13.03,1.6703786191536747
YBP1,site,diatom pennate 18.32,0.48719376391982183
YBP1,site,diatom pennate 4.93,5.150334075723831
YBP1,site,diatom pennate 7.83,2.6447661469933186
YBP1,site,diatom pennate 8.32,0.13919821826280623
YBP1,site,diatom pennate pleurosigma 18.04,2.2271714922048997
YBP1,site,flagellate cryptomonas 10.43,0.9047884187082406
YBP1,site,flagellate cryptomonas 4.20,15.520601336302896
YBP1,site,flagellate cryptomonas 7.25,6.542316258351893
YBP1,site,flagellate euglenid 10.86,0.20879732739420934
YBP1,site,flagellate other 4.20,12.249443207126948
YBP1,site,flagellate other 7.25,4.106347438752784
YBP1,site,tintinnid agglutinated 34.61,0.27839643652561247
YBP1,site,tintinnid agglutinated 36.63,0.27839643652561247
YBP1,site,unidentified NA 10.08,0.13919821826280623
YBP1,site,unidentified NA 14.54,4.871937639198218
YBP1,site,unidentified round 14.00,1.739977728285078
YBP1,site,unidentified round 24.50,1.252783964365256
YBP1,site,unidentified round 48.00,0.13919821826280623
YBP1,site,unidentified round 5.50,16.842984409799556
YBP1,site,unidentified round 56.00,0.20879732739420934
YBP1,site,unidentified round 64.00,0.06959910913140312
YBP1,site,unidentified round 9.50,4.315144766146993
YBP1,T24,chlorophyte scenedesmus 4.00,0.34958830464738644
YBP1,T24,chlorophyte scenedesmus 6.00,0.20925755419770653
YBP1,T24,ciliate cone 19.05,2.299467414725373
YBP1,T24,ciliate round 14.00,0.8007066203235693
YBP1,T24,ciliate round 24.00,2.050724031137524
YBP1,T24,ciliate round 40.00,0.1310537631322806
YBP1,T24,ciliate round 5.50,0.341570569564568
YBP1,T24,ciliate round 9.50,1.526015333444448
YBP1,T24,cyanobacteria aphanizomenon 12.43,0.2195389681668496
YBP1,T24,cyanobacteria aphanizomenon 14.54,0.04357298474945534
YBP1,T24,cyanobacteria dolichospermum 10.48,0.13172338090010977
YBP1,T24,cyanobacteria NA 10.63,0.041851510839541306
YBP1,T24,diatom centric 10.87,0.11354870873796724
YBP1,T24,diatom centric 16.03,0.10548951405381028
YBP1,T24,diatom centric 28.05,0.12555453251862392
YBP1,T24,diatom centric 6.30,0.747757919223924
YBP1,T24,diatom cylindrotheca pennate 16.64,0.26143790849673204
YBP1,T24,diatom other 23.08,0.04390779363336992
YBP1,T24,diatom pennate 14.46,0.25110906503724784
YBP1,T24,diatom pennate 15.66,0.08781558726673984
YBP1,T24,diatom pennate 18.64,0.08370302167908261
YBP1,T24,diatom pennate 4.93,1.3874031210030826
YBP1,T24,diatom pennate 8.55,0.25110906503724784
YBP1,T24,flagellate cryptomonas 4.20,30.082286790122225
YBP1,T24,flagellate cryptomonas 7.25,0.5757928984328821
YBP1,T24,flagellate in a cone 4.00,1.6403482968989522
YBP1,T24,flagellate in a cone 6.00,0.8788817276303674
YBP1,T24,flagellate other 4.20,13.919496578198311
YBP1,T24,flagellate other 7.25,0.26344676180021953
YBP1,T24,tintinnid agglutinated 28.46,0.17429193899782136
YBP1,T24,tintinnid agglutinated 30.24,0.13172338090010977
YBP1,T24,tintinnid agglutinated 36.63,0.08370302167908261
YBP1,T24,unidentified round 24.50,0.5811014769346653
YBP1,T24,unidentified round 5.50,10.499280268760604
YBP1,T24,unidentified round 9.50,0.6154449038570624
YBP2,FC,chlorophyte actinastrum 4.27,2.1704225752365796
YBP2,FC,chlorophyte colonial 12.00,1.4430014430014428
YBP2,FC,chlorophyte colonial 16.00,5.916305916305916
YBP2,FC,chlorophyte colonial 24.00,0.21645021645021642
YBP2,FC,chlorophyte colonial 32.00,0.9379509379509379
YBP2,FC,chlorophyte colonial 4.00,2.5500910746812386
YBP2,FC,chlorophyte other 10.00,1.2265512265512264
YBP2,FC,chlorophyte pediastrum 18.32,0.6925301783069835
YBP2,FC,chlorophyte scenedesmus 13.21,0.21645021645021642
YBP2,FC,chlorophyte scenedesmus 18.32,0.24286581663630846
YBP2,FC,chlorophyte scenedesmus 20.16,0.12143290831815423
YBP2,FC,chlorophyte scenedesmus 4.58,2.259265258033657
YBP2,FC,ciliate cone 14.54,2.468495521011932
YBP2,FC,ciliate cone 30.61,0.12143290831815423
YBP2,FC,ciliate cone 33.74,0.14548422644702733
YBP2,FC,ciliate oblong 18.32,0.3631185250441268
YBP2,FC,ciliate oblong 29.47,0.07215007215007214
YBP2,FC,ciliate oblong 44.75,0.24286581663630846
YBP2,FC,ciliate oblong 48.66,0.07215007215007214
YBP2,FC,ciliate other odd shape 51.83,0.07215007215007214
YBP2,FC,ciliate round 120.00,0.4725238331795709
YBP2,FC,ciliate round 14.00,2.6272420426502046
YBP2,FC,ciliate round 24.00,5.848665565158253
YBP2,FC,ciliate round 36.00,0.07215007215007214
YBP2,FC,ciliate round 40.00,0.7646802504570557
YBP2,FC,ciliate round 5.50,0.16894156238418534
YBP2,FC,ciliate round 9.50,5.046450845257508
YBP2,FC,cyanobacteria aphanizomenon 11.04,8.874458874458874
YBP2,FC,cyanobacteria aphanizomenon 14.54,17.364905889496054
YBP2,FC,cyanobacteria aphanizomenon 19.73,1.5317286652078774
YBP2,FC,cyanobacteria dolichospermum 11.54,8.874458874458874
YBP2,FC,cyanobacteria dolichospermum 19.73,0.12143290831815423
YBP2,FC,cyanobacteria dolichospermum 24.00,0.437636761487965
YBP2,FC,cyanobacteria dolichospermum 9.86,1.5873015873015872
YBP2,FC,cyanobacteria other 14.54,0.12143290831815423
YBP2,FC,cyanobacteria other 25.27,1.4664090287961817
YBP2,FC,diatom centric 10.87,9.356678377735163
YBP2,FC,diatom centric 16.03,4.49041420870049
YBP2,FC,diatom centric 28.05,1.6740488688689714
YBP2,FC,diatom centric 6.30,13.403823706223534
YBP2,FC,diatom chain 21.18,4.184704184704184
YBP2,FC,diatom chain 26.94,1.8094699068261504
YBP2,FC,diatom chain 39.46,0.07215007215007214
YBP2,FC,diatom chain 7.83,0.505050505050505
YBP2,FC,diatom cylindrotheca pennate 16.64,3.136896592672561
YBP2,FC,diatom egg shaped 43.43,0.17012564453106838
YBP2,FC,diatom other 11.54,0.1443001443001443
YBP2,FC,diatom pennate 13.74,0.5772005772005772
YBP2,FC,diatom pennate 14.54,0.7285974499089254
YBP2,FC,diatom pennate 15.30,1.7000607164541592
YBP2,FC,diatom pennate 16.64,5.813797617076306
YBP2,FC,diatom pennate 16.87,1.5317286652078774
YBP2,FC,diatom pennate 18.32,1.4430014430014428
YBP2,FC,diatom pennate 19.43,0.6564551422319475
YBP2,FC,diatom pennate 19.73,0.520032487245602
YBP2,FC,diatom pennate 26.04,1.6660330569048627
YBP2,FC,diatom pennate 29.07,0.505050505050505
YBP2,FC,diatom pennate 31.32,0.8500303582270796
YBP2,FC,diatom pennate 39.62,0.07215007215007214
YBP2,FC,diatom pennate 42.77,0.2188183807439825
YBP2,FC,diatom pennate 7.27,1.3357619914996965
YBP2,FC,diatom pennate 8.32,5.8749419799748015
YBP2,FC,diatom pennate pleurosigma 27.81,0.6564551422319475
YBP2,FC,flagellate cryptomonas 10.43,2.1881838074398248
YBP2,FC,flagellate cryptomonas 23.08,0.2188183807439825
YBP2,FC,flagellate euglenid 20.57,0.07215007215007214
YBP2,FC,flagellate euglenid 23.08,0.34025128906213675
YBP2,FC,flagellate euglenid 40.00,0.21645021645021642
YBP2,FC,flagellate NA 20.16,0.2886002886002886
YBP2,FC,flagellate other 10.43,2.660878890387087
YBP2,FC,flagellate other 4.20,16.42193996464542
YBP2,FC,flagellate other 7.25,10.131411464051276
YBP2,FC,tintinnid agglutinated 33.28,0.5772005772005772
YBP2,FC,tintinnid agglutinated 36.63,0.12143290831815423
YBP2,FC,tintinnid agglutinated 38.10,0.6684788601781104
YBP2,FC,tintinnid agglutinated 38.56,0.1443001443001443
YBP2,FC,tintinnid hyaline 20.97,1.75054704595186
YBP2,FC,unidentified flagchloro 6.21,9.22890103217972
YBP2,FC,unidentified flagchloro 6.60,13.78436225801437
YBP2,FC,unidentified NA 11.54,4.157549234135667
YBP2,FC,unidentified NA 18.32,1.4571948998178508
YBP2,FC,unidentified NA 5.04,1.3357619914996965
YBP2,FC,unidentified rotifer 46.78,0.21645021645021642
YBP2,FC,unidentified rotifer 65.15,0.07215007215007214
YBP2,FC,unidentified round 14.00,1.830829684735533
YBP2,FC,unidentified round 24.50,4.946458522883532
YBP2,FC,unidentified round 28.00,0.97146326654523385
YBP2,FC,unidentified round 5.50,18.096754928193032
YBP2,FC,unidentified round 9.50,3.227578736660297
YBP2,IC,chlorophyte actinastrum 4.27,1.5221042564501526
YBP2,IC,chlorophyte colonial 10.00,0.5471437186065079
YBP2,IC,chlorophyte colonial 12.00,0.38293216630196936
YBP2,IC,chlorophyte colonial 16.00,0.28294582587987055
YBP2,IC,chlorophyte colonial 24.00,0.2188183807439825
YBP2,IC,chlorophyte colonial 32.00,0.10911155927739932
YBP2,IC,chlorophyte colonial 4.00,2.297592997811816
YBP2,IC,chlorophyte colonial 40.00,0.06449948400412796
YBP2,IC,chlorophyte colonial 6.87,3.031475748194014
YBP2,IC,chlorophyte colonial 64.00,0.05470459518599562
YBP2,IC,chlorophyte colonial 8.00,1.5404142818102384
YBP2,IC,chlorophyte pediastrum 45.79,0.1934984520123839
YBP2,IC,chlorophyte scenedesmus 11.70,0.38293216630196936
YBP2,IC,chlorophyte scenedesmus 15.77,0.10940919037199125
YBP2,IC,chlorophyte scenedesmus 18.32,0.16411378555798686
YBP2,IC,chlorophyte scenedesmus 20.16,0.21762785636561477
YBP2,IC,chlorophyte scenedesmus 4.58,1.3410909578882235
YBP2,IC,chlorophyte scenedesmus 6.00,0.05470459518599562
YBP2,IC,chlorophyte scenedesmus 9.16,0.5159958720330237
YBP2,IC,ciliate cone 19.05,5.7291009397999435
YBP2,IC,ciliate oblong 23.08,0.05470459518599562
YBP2,IC,ciliate oblong 29.47,0.05470459518599562
YBP2,IC,ciliate oblong 74.57,0.06449948400412796
YBP2,IC,ciliate oblong 91.58,0.05470459518599562
YBP2,IC,ciliate round 120.00,0.10881392818280738
YBP2,IC,ciliate round 14.00,1.6294701535583391
YBP2,IC,ciliate round 24.00,7.030443756449948
YBP2,IC,ciliate round 40.00,0.05960203959506179
YBP2,IC,ciliate round 48.00,0.16322089227421108
YBP2,IC,ciliate round 5.50,0.8229069649117065
YBP2,IC,ciliate round 9.50,1.2354873962288353
YBP2,IC,cyanobacteria aphanizomenon 19.73,7.932703112974544
YBP2,IC,cyanobacteria dolichospermum 14.23,1.805985552115583
YBP2,IC,cyanobacteria dolichospermum 19.73,0.87527352297593
YBP2,IC,cyanobacteria dolichospermum 9.86,4.134929270946681
YBP2,IC,cyanobacteria other 14.54,0.06449948400412796
YBP2,IC,diatom centric 10.87,6.440469592336055
YBP2,IC,diatom centric 16.03,2.071379052599964
YBP2,IC,diatom centric 28.05,1.724143497385209
YBP2,IC,diatom centric 45.79,2.1881838074398248
YBP2,IC,diatom centric 6.30,6.4649557137504035
YBP2,IC,diatom chain 15.66,2.665941240478781
YBP2,IC,diatom chain 29.07,0.7678456526645936
YBP2,IC,diatom chain 45.17,0.20661738973641894
YBP2,IC,diatom cylindrotheca pennate 16.64,0.817012425620474
YBP2,IC,diatom egg shaped 20.16,0.05470459518599562
YBP2,IC,diatom egg shaped 36.63,0.21105586078724936
YBP2,IC,diatom egg shaped 43.43,0.16322089227421108
YBP2,IC,diatom pennate 11.04,4.406964091403699
YBP2,IC,diatom pennate 11.54,3.3598897150063274
YBP2,IC,diatom pennate 13.21,0.7658643326039387
YBP2,IC,diatom pennate 15.30,0.35453815987789977
YBP2,IC,diatom pennate 15.66,1.535700284430321
YBP2,IC,diatom pennate 16.64,0.3869969040247678
YBP2,IC,diatom pennate 18.32,0.16322089227421108
YBP2,IC,diatom pennate 19.43,0.26501637823676516
YBP2,IC,diatom pennate 20.52,0.8168711455559996
YBP2,IC,diatom pennate 25.27,0.22070193405808575
YBP2,IC,diatom pennate 26.04,1.6322089227421108
YBP2,IC,diatom pennate 29.07,0.06449948400412796
YBP2,IC,diatom pennate 3.11,0.2188183807439825
YBP2,IC,diatom pennate 31.51,0.06449948400412796
YBP2,IC,diatom pennate 39.62,0.05470459518599562
YBP2,IC,diatom pennate 40.66,0.05470459518599562
YBP2,IC,diatom pennate 56.04,0.10881392818280738
YBP2,IC,diatom pennate 6.21,2.297592997811816
YBP2,IC,diatom pennate 6.60,1.414581066376496
YBP2,IC,diatom pennate 7.27,0.5470459518599562
YBP2,IC,diatom pennate 8.32,0.1361662257758052
YBP2,IC,diatom pennate 8.55,0.06449948400412796
YBP2,IC,diatom pennate 9.16,0.49640609439675903
YBP2,IC,diatom pennate pleurosigma 32.77,0.2188183807439825
YBP2,IC,diatom pennate pleurosigma 35.56,0.10881392818280738
YBP2,IC,dinoflagellate peridinium 16.00,0.4130984906418898
YBP2,IC,dinoflagellate peridinium 24.00,0.5735655427666863
YBP2,IC,flagellate cryptomonas 11.54,5.137106672461092
YBP2,IC,flagellate cryptomonas 18.32,5.25164113785558
YBP2,IC,flagellate cryptomonas 23.08,0.38293216630196936
YBP2,IC,flagellate euglenid 13.68,0.9249183895538627
YBP2,IC,flagellate euglenid 22.58,0.3029076423843751
YBP2,IC,flagellate euglenid 23.08,0.05470459518599562
YBP2,IC,flagellate NA 10.08,1.0940919037199124
YBP2,IC,flagellate NA 14.23,0.1934984520123839
YBP2,IC,flagellate NA 20.16,0.2188183807439825
YBP2,IC,flagellate NA 26.42,0.622859625452381
YBP2,IC,flagellate other 10.43,3.502031317579638
YBP2,IC,flagellate other 4.20,4.188840377743892
YBP2,IC,flagellate other 7.25,7.240695183969152
YBP2,IC,ochrophyte synura 32.00,1.0536688299669992
YBP2,IC,tintinnid agglutinated 38.10,7.859455025560558
YBP2,IC,tintinnid agglutinated 38.56,0.25799793601651183
YBP2,IC,tintinnid agglutinated 40.32,0.10881392818280738
YBP2,IC,tintinnid agglutinated 41.04,7.739938080495356
YBP2,IC,unidentified NA 20.16,0.05470459518599562
YBP2,IC,unidentified NA 28.46,0.27203482045701843
YBP2,IC,unidentified NA 3.91,0.25799793601651183
YBP2,IC,unidentified NA 48.66,0.05440696409140369
YBP2,IC,unidentified NA 5.04,0.3282275711159737
YBP2,IC,unidentified rotifer 28.46,0.16322089227421108
YBP2,IC,unidentified rotifer 36.63,0.06449948400412796
YBP2,IC,unidentified rotifer 46.78,0.05470459518599562
YBP2,IC,unidentified rotifer 56.38,0.06449948400412796
YBP2,IC,unidentified round 14.00,0.9778863016717793
YBP2,IC,unidentified round 24.50,1.4302354585861121
YBP2,IC,unidentified round 48.00,0.06449948400412796
YBP2,IC,unidentified round 5.50,5.97893977036096
YBP2,IC,unidentified round 9.50,3.8541519491827416
YBP2,site,chlorophyte actinastrum 4.27,3.7243947858472994
YBP2,site,chlorophyte colonial 10.00,0.22346368715083798
YBP2,site,chlorophyte colonial 16.00,1.3407821229050279
YBP2,site,chlorophyte colonial 24.00,0.44692737430167595
YBP2,site,chlorophyte colonial 4.00,0.8193668528864059
YBP2,site,chlorophyte colonial 8.00,0.14897579143389197
YBP2,site,chlorophyte other 16.00,2.7560521415270016
YBP2,site,chlorophyte pediastrum 18.32,0.07448789571694599
YBP2,site,chlorophyte scenedesmus 13.21,0.8193668528864059
YBP2,site,ciliate oblong 13.68,0.07448789571694599
YBP2,site,ciliate oblong 18.32,0.8193668528864059
YBP2,site,ciliate round 14.00,0.521415270018622
YBP2,site,ciliate round 24.00,5.884543761638733
YBP2,site,cyanobacteria aphanizomenon 20.52,3.2774674115456235
YBP2,site,cyanobacteria dolichospermum 16.29,0.8193668528864059
YBP2,site,cyanobacteria other 15.66,0.22346368715083798
YBP2,site,diatom centric 10.87,0.521415270018622
YBP2,site,diatom centric 16.03,0.521415270018622
YBP2,site,diatom centric 28.05,3.4264432029795158
YBP2,site,diatom centric 6.30,1.8621973929236497
YBP2,site,diatom chain 19.73,0.29795158286778395
YBP2,site,diatom chain 38.10,0.29795158286778395
YBP2,site,diatom chain 39.46,1.042830540037244
YBP2,site,diatom chain 45.17,0.07448789571694599
YBP2,site,diatom chain 7.83,0.22346368715083798
YBP2,site,diatom chain 9.16,7.821229050279329
YBP2,site,diatom egg shaped 20.16,0.07448789571694599
YBP2,site,diatom egg shaped 43.43,0.29795158286778395
YBP2,site,diatom NA 24.86,0.07448789571694599
YBP2,site,diatom pennate 11.54,0.22346368715083798
YBP2,site,diatom pennate 18.32,0.8938547486033519
YBP2,site,diatom pennate 20.52,2.011173184357542
YBP2,site,diatom pennate 25.27,0.8193668528864059
YBP2,site,diatom pennate 26.04,0.37243947858473
YBP2,site,diatom pennate 26.42,0.74487895716946
YBP2,site,diatom pennate 3.91,0.8938547486033519
YBP2,site,diatom pennate 31.32,0.9683426443202979
YBP2,site,diatom pennate 4.93,0.5959031657355679
YBP2,site,diatom pennate 7.27,0.5959031657355679
YBP2,site,diatom pennate 8.32,2.458100558659218
YBP2,site,diatom pennate pleurosigma 32.77,0.8193668528864059
YBP2,site,flagellate cryptomonas 11.54,7.076350093109869
YBP2,site,flagellate cryptomonas 23.08,1.042830540037244
YBP2,site,flagellate cryptomonas 4.20,0.521415270018622
YBP2,site,flagellate euglenid 40.00,0.521415270018622
YBP2,site,flagellate other 10.43,1.1173184357541899
YBP2,site,flagellate other 7.25,0.44692737430167595
YBP2,site,tintinnid agglutinated 26.42,1.5642458100558658
YBP2,site,tintinnid agglutinated 31.83,0.14897579143389197
YBP2,site,tintinnid agglutinated 38.10,0.37243947858473
YBP2,site,unidentified flagchloro 7.83,0.22346368715083798
YBP2,site,unidentified NA 11.54,0.74487895716946
YBP2,site,unidentified NA 14.54,0.07448789571694599
YBP2,site,unidentified NA 18.32,0.07448789571694599
YBP2,site,unidentified NA 38.56,0.29795158286778395
YBP2,site,unidentified round 14.00,0.74487895716946
YBP2,site,unidentified round 24.50,6.70391061452514
YBP2,site,unidentified round 28.00,0.14897579143389197
YBP2,site,unidentified round 40.00,1.1918063314711358
YBP2,site,unidentified round 48.00,0.07448789571694599
YBP2,site,unidentified round 5.50,2.3836126629422716
YBP2,site,unidentified round 9.50,1.1918063314711358
YBP2,T24,chlorophyte actinastrum 4.27,0.5036178735217058
YBP2,T24,chlorophyte colonial 10.00,6.36297903109183
YBP2,T24,chlorophyte colonial 12.00,0.21691973969631237
YBP2,T24,chlorophyte colonial 6.00,0.4089422028353326
YBP2,T24,chlorophyte colonial 6.87,0.6457028475495576
YBP2,T24,chlorophyte scenedesmus 4.00,1.224155486739724
YBP2,T24,chlorophyte scenedesmus 4.58,2.9645697758496024
YBP2,T24,chlorophyte scenedesmus 5.04,1.9083969465648853
YBP2,T24,chlorophyte scenedesmus 6.60,1.0331245560792923
YBP2,T24,ciliate cone 11.29,1.420546264609027
YBP2,T24,ciliate cone 14.54,0.9595406442618775
YBP2,T24,ciliate cone 26.42,0.5165622780396462
YBP2,T24,ciliate cone 33.74,0.21691973969631237
YBP2,T24,ciliate oblong 18.32,0.13631406761177753
YBP2,T24,ciliate round 14.00,1.5237980250830576
YBP2,T24,ciliate round 24.00,0.7927771623141342
YBP2,T24,ciliate round 40.00,2.8625954198473282
YBP2,T24,ciliate round 48.00,0.12914056950991154
YBP2,T24,ciliate round 5.50,1.373825018076645
YBP2,T24,ciliate round 9.50,0.6021572908609056
YBP2,T24,cyanobacteria aphanizomenon 19.73,6.984324595173536
YBP2,T24,cyanobacteria aphanizomenon 22.58,9.399855386840203
YBP2,T24,cyanobacteria aphanizomenon 31.32,0.5165622780396462
YBP2,T24,cyanobacteria dolichospermum 22.10,0.3615328994938539
YBP2,T24,cyanobacteria other 19.05,0.13631406761177753
YBP2,T24,diatom centric 10.87,1.6276096486529836
YBP2,T24,diatom centric 16.03,0.6620152324810304
YBP2,T24,diatom centric 28.05,0.7596001790415381
YBP2,T24,diatom centric 6.30,5.147166790834904
YBP2,T24,diatom chain 15.66,0.13631406761177753
YBP2,T24,diatom chain 19.73,0.2582811390198231
YBP2,T24,diatom chain 29.07,0.21691973969631237
YBP2,T24,diatom chain 39.46,0.07230657989877079
YBP2,T24,diatom cylindrotheca pennate 16.64,0.574331328774648
YBP2,T24,diatom egg shaped 20.16,0.13272731856084452
YBP2,T24,diatom egg shaped 36.63,0.2582811390198231
YBP2,T24,diatom pennate 11.04,0.5784526391901663
YBP2,T24,diatom pennate 11.54,0.13631406761177753
YBP2,T24,diatom pennate 15.30,0.3615328994938539
YBP2,T24,diatom pennate 15.66,0.3910084575806676
YBP2,T24,diatom pennate 18.32,0.13631406761177753
YBP2,T24,diatom pennate 19.43,0.12914056950991154
YBP2,T24,diatom pennate 19.73,0.8178844056706652
YBP2,T24,diatom pennate 26.42,0.3615328994938539
YBP2,T24,diatom pennate 39.62,0.07230657989877079
YBP2,T24,diatom pennate 6.46,0.4089422028353326
YBP2,T24,diatom pennate 8.32,0.6937167011887012
YBP2,T24,diatom pennate 8.55,0.6507592190889371
YBP2,T24,diatom pennate 9.52,1.7691259577467786
YBP2,T24,diatom pennate fragillaria 78.92,0.43383947939262474
YBP2,T24,diatom pennate pleurosigma 32.77,0.2582811390198231
YBP2,T24,flagellate cryptomonas 4.20,1.6630513376717282
YBP2,T24,flagellate euglenid 20.57,0.07230657989877079
YBP2,T24,flagellate euglenid 23.08,0.13631406761177753
YBP2,T24,flagellate euglenid 33.28,0.12914056950991154
YBP2,T24,flagellate other 10.43,1.2340506617017415
YBP2,T24,flagellate other 4.20,23.156518834840508
YBP2,T24,flagellate other 7.25,3.943543248236985
YBP2,T24,tintinnid agglutinated 26.42,0.07230657989877079
YBP2,T24,unidentified flagchloro 5.77,4.003357654807258
YBP2,T24,unidentified flagchloro 6.60,2.8922631959508314
YBP2,T24,unidentified NA 18.32,4.542865895343914
YBP2,T24,unidentified NA 21.72,1.499454743729553
YBP2,T24,unidentified NA 3.91,1.9522776572668112
YBP2,T24,unidentified NA 5.04,8.315256688358641
YBP2,T24,unidentified NA 7.96,0.27262813522355506
YBP2,T24,unidentified round 14.00,0.9864150936998679
YBP2,T24,unidentified round 24.50,2.4658560031277945
YBP2,T24,unidentified round 40.00,0.27262813522355506
YBP2,T24,unidentified round 5.50,23.71228074680815
YBP2,T24,unidentified round 9.50,4.169646537780303
