Organism,Group,type,name,shp,sa,la,wi,SJR2 site,SJR2 FC-1,SJR2 T24-1,SJR2 FC-2,SJR2 T24-2,SJR2 FC-3,SJR2 T24-3,SJR2 IC-1,SJR2 IC-2,SJR2 IC-3,YBP1 site,YBP1 FC-1,YBP1 T24-1,YBP1 FC-2,YBP1 T24-2,YBP1 FC-3,YBP1 T24-3,YBP1 IC-1,YBP1 IC-2,YBP1 IC-3,LSZ2 site,LSZ2 FC-1,LSZ2 T24-1,LSZ2 FC-2,LSZ2 T24-2,LSZ2 FC-3,LSZ2 T24-3,LSZ2 IC-1,LSZ2 IC-2,LSZ2 IC-3,WLD2 site,WLD2 FC-1,WLD2 T24-1,WLD2 FC-2,WLD2 T24-2,WLD2 FC-3,WLD2 T24-3,WLD2 IC-1,WLD2 IC-2,WLD2 IC-3,SJR1-site,SJR1 FC-1,SJR1 T24-1,SJR1 FC-2,SJR1 T24-2,SJR1 FC-3,SJR1 T24-3,SJR1 IC-1,SJR1 IC-2,SJR1 IC-3,YBP2 site,YBP2 FC-1,YBP2-T24-1,YBP2 FC-2,YBP2 T24-2,YBP2 FC-3,YBP2 T24-3,YBP2 IC-1,YBP2 IC-2,YBP2 IC-3
Chlorophyte Y: Actinastrum,chlorophyte,actinastrum,chlorw,cones2,2.5,12.5,,0,0,0,0,0,0,0,0,0,0,0,0,0,0,0,0,0,0,0,0,0,0,0,0,0,0,0,0,0,0,0,0,0,0,0,0,0,0,0,0,0,0,0,0,0,0,0,0,0,0,5100,1094,646,0,0,3246,362,4377,1653,1813
Chlorophyte X: Colonial,chlorophyte,colonial,chlorx,sph,16,16,,0,0,0,0,0,0,0,0,0,0,0,0,0,0,0,0,0,0,0,0,0,0,0,0,0,0,0,0,0,0,0,0,0,0,0,0,0,42,0,0,0,0,0,0,0,0,0,0,0,0,1506,0,0,0,0,0,0,438,331,453
Chlorophyte Z: Colonial,chlorophyte,colonial,chlorz,sph,24,24,,0,0,0,0,0,0,0,0,0,0,0,0,0,0,0,0,0,0,0,0,0,0,0,0,0,0,0,0,0,0,0,0,0,0,0,0,0,0,0,0,0,0,0,0,0,145,0,0,0,0,612,0,0,0,0,216,0,438,0,0
Chlorophyte AA: Colonial,chlorophyte,colonial,chloraa,sph,32,32,,0,0,0,0,0,0,0,0,0,0,0,0,0,0,0,0,0,0,0,0,0,44,0,0,0,0,0,0,0,0,0,0,0,0,0,0,0,0,0,0,0,0,0,0,50,0,0,0,0,0,0,0,0,0,0,938,0,219,0,0
Chlorophyte AB: Colonial,chlorophyte,colonial,chlorab,sph,32,104,,0,0,0,0,0,0,0,0,0,0,0,0,0,0,0,0,0,0,0,0,0,0,0,0,0,0,0,44,0,0,0,0,0,0,0,0,0,0,0,0,0,0,0,0,0,0,0,0,0,0,0,0,0,0,0,0,0,0,0,181
Chlorophyte AC: Colonial,chlorophyte,colonial,chlorac,sph,40,40,,0,0,0,0,0,0,0,0,0,0,0,0,0,0,0,0,0,0,0,0,0,0,0,0,0,0,0,44,0,0,0,0,0,0,0,0,0,0,0,0,0,0,0,0,0,0,0,0,0,0,0,0,0,0,0,0,0,0,83,0
Chlorophyte AD: Colonial,chlorophyte,colonial,chlorad,sph,64,64,,0,0,0,0,0,0,0,0,0,0,0,0,0,0,0,0,0,0,0,0,0,0,0,0,0,0,0,0,0,0,0,0,0,0,0,0,0,0,0,0,0,0,0,0,0,0,0,0,0,0,0,0,0,0,0,0,0,109,0,0
Chlorophyte AE: Other,chlorophyte,other,chlorae,sph,16,16,,0,0,0,0,0,0,0,0,0,0,0,0,0,0,0,0,0,0,0,0,0,0,0,0,0,0,0,0,0,0,0,0,0,0,0,0,0,42,0,0,0,0,0,0,0,0,0,0,0,0,3774,0,0,0,0,0,0,0,0,0
Chlorophyte AF: Pediastrum,chlorophyte,pediastrum,chloraf,prisell,16,16,16,0,0,0,0,0,0,0,0,0,0,0,0,0,0,0,0,0,0,0,0,0,0,0,0,0,0,0,0,0,0,0,0,0,0,0,0,0,0,0,0,0,0,0,0,0,0,0,0,0,0,102,1313,0,0,0,72,0,0,0,0
Chlorophyte AG: Pediastrum,chlorophyte,pediastrum,chlorag,prisell,40,40,40,0,0,0,0,0,0,0,0,0,0,0,0,0,0,0,0,0,0,0,0,0,0,0,0,0,0,0,0,0,40,0,0,0,0,0,0,0,0,0,0,0,0,0,0,0,0,0,0,0,0,0,0,0,0,0,0,0,0,248,0
Chlorophyte AH:  Scenedesmus,chlorophyte,scenedesmus,chlorah,prosph,12,16,,0,0,0,0,0,44,0,0,0,0,70,0,0,0,0,0,0,0,0,0,0,0,0,0,0,0,0,0,0,0,65,0,0,0,0,0,0,0,0,0,0,0,0,0,0,0,0,0,0,0,920,0,0,0,0,216,0,0,0,0
Chlorophyte AI: Scenedesmus,chlorophyte,scenedesmus,chlorai,prosph,16,24,,0,0,0,0,0,0,0,0,0,0,0,0,0,0,0,0,0,0,0,0,185,0,0,0,0,0,44,0,0,0,0,0,0,0,0,0,0,0,0,0,0,0,0,0,0,0,0,0,0,0,0,0,0,243,0,0,0,328,0,0
Chlorophyte AJ: Scenedesmus,chlorophyte,scenedesmus,chloraj,prosph,16,32,,0,44,0,0,0,0,0,44,44,0,0,44,0,0,0,0,0,0,0,0,0,0,0,0,0,0,0,0,0,0,0,0,0,0,0,0,0,0,0,0,0,0,0,0,0,0,0,0,0,0,0,0,0,121,0,0,0,0,0,363
Ciliate E: cone,ciliate,cone,cile,cone,12,20,,0,0,0,0,0,0,0,0,0,0,0,0,0,0,0,0,0,0,0,0,0,0,0,0,0,0,0,0,0,0,0,0,0,0,0,0,0,0,0,0,0,0,0,0,0,0,0,0,0,0,0,0,1421,0,0,0,0,0,0,0
Ciliate F: cone,ciliate,cone,cilf,cone,16,24,,1249,0,0,0,0,0,0,0,0,0,0,0,0,0,0,0,0,0,0,0,62,0,0,0,0,0,0,0,0,0,0,0,0,0,0,0,0,0,0,0,0,0,0,0,0,0,0,0,0,0,0,2845,0,0,545,2092,1374,0,0,0
Ciliate G: cone,ciliate,cone,cilg,cone,24,24,,0,0,0,0,0,6579,2051,1661,2567,1571,0,5687,0,7137,3118,5285,1481,1279,1278,1151,0,9033,768,8444,875,9280,2841,1786,4648,2210,0,5809,1401,5565,707,4356,1102,1133,1146,874,0,7876,1089,264,397,11345,2076,3388,3075,4479,0,0,0,0,0,0,0,12038,0,9064
Ciliate H:cone,ciliate,cone,cilh,cone,24,40,,0,0,0,0,0,44,0,175,0,0,278,0,0,0,0,5285,0,0,0,0,0,0,0,0,0,0,0,0,0,0,0,323,42,0,0,0,0,0,0,0,0,0,0,0,0,0,0,0,0,0,0,0,0,0,0,0,0,0,0,0
Ciliate I: cone,ciliate,cone,cili,cone,32,36,,0,0,0,0,0,0,0,0,0,0,0,0,0,0,0,0,0,0,0,0,0,87,0,0,0,0,0,0,0,0,0,0,0,88,0,0,0,0,0,0,106,0,0,441,0,0,0,0,0,118,0,0,517,0,0,0,0,0,0,0
Ciliate J: cone,ciliate,cone,cilj,cone,32,56,,0,0,0,0,0,0,0,0,0,0,0,44,0,0,0,0,0,0,0,0,0,0,45,0,0,0,0,0,0,0,0,0,0,0,0,0,0,0,0,0,0,0,0,0,0,0,0,0,0,0,0,0,0,121,0,0,0,0,0,0
Ciliate K: cone,ciliate,cone,cilk,cone,40,48,,0,0,0,0,0,0,0,0,0,0,0,0,0,0,0,0,0,0,0,0,0,0,0,54,0,175,0,0,0,0,65,0,0,0,0,0,41,0,0,0,0,0,0,0,0,0,0,0,0,0,0,219,0,0,0,72,217,0,0,0
Ciliate L: oblong,ciliate,oblong,cill,prosph,8,20,,0,0,0,0,0,0,0,0,0,0,0,0,0,0,0,0,0,0,0,0,0,0,0,0,0,0,0,0,0,0,0,0,0,0,0,264,41,0,0,0,0,0,0,0,0,0,0,0,0,0,0,0,0,0,0,0,0,0,0,0
Ciliate M: oblong,ciliate,oblong,cilm,prosph,8,40,,0,0,0,0,0,0,0,0,0,0,0,0,0,0,0,0,0,0,0,0,0,0,0,0,0,0,0,0,0,0,0,0,0,0,0,0,0,42,88,0,0,0,0,0,0,0,0,0,0,0,102,0,0,0,0,0,0,0,0,0
Ciliate N: oblong,ciliate,oblong,ciln,prosph,8,72,,0,0,0,0,0,0,0,0,0,0,0,0,0,0,0,0,0,0,0,0,0,0,0,0,0,0,0,0,0,0,0,0,0,88,0,0,0,0,0,0,0,0,0,0,0,0,0,0,0,0,0,0,0,0,0,0,0,0,0,0
Ciliate O: oblong,ciliate,oblong,cilo,prosph,12,32,,0,0,0,0,0,0,0,44,0,0,0,0,0,0,0,0,0,0,0,0,0,0,0,0,0,0,0,0,0,0,0,0,0,0,44,132,41,0,0,0,0,0,0,0,0,0,0,0,0,0,0,0,0,0,0,0,0,0,0,0
Ciliate P: oblong,ciliate,oblong,cilp,prosph,12,56,,0,0,0,0,0,0,0,0,0,0,0,0,0,0,0,0,0,0,0,0,0,0,0,0,0,0,0,0,0,0,0,0,0,0,0,0,0,0,44,0,0,0,0,0,0,0,0,0,0,0,0,0,0,0,0,0,0,0,0,0
Ciliate Q: oblong,ciliate,oblong,cilq,prosph,16,24,,0,0,0,0,0,0,0,0,0,0,0,0,0,0,0,0,0,0,0,0,0,0,0,0,0,0,0,0,0,0,65,0,0,0,0,0,0,0,0,0,0,0,0,0,0,0,0,0,0,0,1122,438,0,0,136,289,0,0,0,0
Ciliate R: oblong,ciliate,oblong,cilr,prosph,16,32,,0,0,0,0,0,0,0,0,0,0,70,0,0,0,0,0,0,0,0,0,0,0,0,0,0,0,0,0,0,0,0,184,0,0,0,0,0,0,0,0,0,0,0,0,0,0,0,0,0,0,0,0,0,0,0,0,0,0,0,0
Ciliate S: oblong,ciliate,oblong,cils,prosph,16,48,,0,0,0,0,0,0,0,0,0,0,0,0,0,0,0,0,0,43,0,0,0,0,0,0,0,0,0,0,0,0,0,0,0,177,0,0,0,0,0,0,0,0,0,0,0,0,0,0,0,0,0,0,0,0,0,0,0,109,0,0
Ciliate T: oblong,ciliate,oblong,cilt,prosph,20,64,,0,0,0,0,0,0,0,0,0,0,0,0,0,0,0,0,0,0,0,0,0,0,0,0,0,0,0,0,0,0,65,0,0,0,0,0,0,0,0,0,0,0,0,0,0,0,0,0,0,0,0,0,0,0,0,72,0,109,0,0
Ciliate U: oblong,ciliate,oblong,cilu,prosph,40,56,,0,0,0,0,0,0,0,0,0,0,0,0,0,0,0,0,0,0,0,0,0,0,0,0,0,44,0,0,0,0,0,0,0,0,0,0,0,0,0,0,0,0,0,0,0,0,0,0,0,0,0,0,0,243,0,0,0,0,0,0
Ciliate V: oblong,ciliate,oblong,cilv,prosph,40,72,,0,0,0,0,0,0,0,0,0,0,0,0,0,0,0,0,0,0,0,0,0,0,0,0,0,0,0,0,0,0,0,46,0,0,0,0,0,0,0,0,0,0,0,0,0,0,0,0,0,0,0,0,0,0,0,72,0,0,0,0
Ciliate W: oblong,ciliate,oblong,cilw,prosph,72,80,,0,0,0,0,0,0,0,0,0,0,0,0,0,0,0,0,0,0,0,0,0,0,0,0,0,0,0,0,0,0,0,0,0,0,0,0,0,0,0,0,0,0,0,0,0,0,0,0,0,0,0,0,0,0,0,0,0,0,83,0
Ciliate X: oblong,ciliate,oblong,cilx,prosph,80,120,,0,0,0,0,0,0,0,0,0,0,0,0,0,0,0,0,0,0,0,0,0,0,0,0,0,0,0,0,0,0,0,0,0,0,0,0,0,0,0,0,0,0,0,0,0,0,0,0,0,0,0,0,0,0,0,0,0,109,0,0
Ciliate Z: other,ciliate,other,cilz,sph,16,24,,0,0,0,0,0,0,0,0,0,0,0,0,0,0,0,0,0,0,0,0,0,0,0,0,0,0,0,0,0,0,0,0,0,0,0,0,82,0,0,0,0,0,0,0,0,0,0,0,0,0,0,0,0,0,0,0,0,0,0,0
Ciliate AA: other,ciliate,other,cilaa,sph,19.2,32,,0,0,0,0,0,0,0,0,0,0,0,88,0,0,0,0,0,0,0,0,0,0,0,0,0,0,0,0,0,0,0,0,0,0,0,0,0,0,0,0,0,0,0,0,0,0,0,0,0,0,0,0,0,0,0,0,0,0,0,0
Ciliate AC: other,ciliate,other,cilac,sph,32,40,,0,0,0,0,0,0,0,0,0,0,0,0,0,0,0,0,0,0,0,0,0,0,0,0,0,0,0,0,0,0,0,0,0,0,0,44,0,0,0,0,0,0,0,0,0,0,0,0,0,0,0,0,0,0,0,0,0,0,0,0
Ciliate AD: other odd shape,ciliate,other odd shape,cilad,prosph,32,136,,0,0,0,0,0,0,0,0,0,0,0,0,0,0,0,0,0,0,0,0,0,0,0,0,0,0,0,0,0,0,0,46,0,0,0,0,0,0,0,0,0,0,0,0,0,0,0,0,44,0,0,0,0,0,0,72,0,0,0,0
Ciliate AE: round,ciliate,round,cilae,sph,36,36,,0,0,0,0,0,0,0,0,0,0,0,88,0,0,0,0,0,0,0,0,0,0,0,0,0,0,0,0,0,0,0,0,0,0,0,0,0,42,0,0,159,0,0,0,0,0,0,0,0,0,0,0,0,0,0,72,0,0,0,0
Ciliate AF: round,ciliate,round,cilaf,sph,40,40,,0,0,44,131,0,0,44,0,44,175,0,0,0,42,88,0,174,43,0,133,0,0,181,0,0,0,0,0,0,0,0,92,0,44,0,0,41,0,44,175,0,0,0,0,0,0,0,0,0,0,0,1313,0,0,2864,216,0,109,83,0
Ciliate AG: round,ciliate,round,cilag,sph,48,48,,0,0,0,0,0,0,0,0,0,0,0,0,0,42,0,0,0,0,44,0,0,0,0,0,131,0,0,0,0,0,65,46,0,0,0,0,0,0,0,0,0,0,0,0,0,73,0,0,0,39,0,0,129,0,0,0,0,0,0,272
Ciliate AH:round,ciliate,round,cilah,sph,56,56,,0,0,0,0,0,0,0,0,0,0,209,0,0,0,0,0,0,0,0,0,0,0,0,0,0,0,0,0,0,0,0,0,0,0,0,0,0,0,0,0,0,0,0,0,0,0,0,0,88,0,0,0,0,0,0,0,0,0,0,0
Ciliate AI: round,ciliate,round,cilai,sph,120,120,,0,0,0,0,0,0,0,0,0,0,0,0,0,0,0,0,0,0,0,0,0,0,0,0,0,0,0,0,0,0,0,0,0,0,0,0,0,0,0,0,0,0,0,0,0,0,0,0,0,0,0,0,0,728,0,216,0,0,0,181
Ciliate AJ: round 17 to 32 µm (0.2 to 0.4 mu),ciliate,round,cilaj,sph,24,24,,250,5987,961,7529,2045,0,0,0,0,0,3200,353,2050,0,0,282,0,0,309,354,739,567,136,0,0,219,0,87,0,0,1174,738,0,0,0,396,0,84,485,175,2114,0,50,264,198,655,221,176,395,0,6609,10506,904,2064,682,4977,0,0,9011,0
Cyanobacteria D: aphanizomenon,cyanobacteria,aphanizomenon,cyand,cyl,4,56,,0,612,0,0,0,0,0,0,0,0,0,0,0,0,0,0,0,0,0,0,0,0,0,0,0,0,0,0,0,0,0,0,0,0,0,0,0,0,0,0,0,0,0,0,0,0,0,0,0,0,0,0,0,0,0,8872,0,0,0,0
Cyanobacteria E: aphanizomenon,cyanobacteria,aphanizomenon,cyane,cyl,4,72,,0,0,0,0,0,0,0,0,0,0,0,0,0,0,0,0,0,0,0,0,0,0,0,0,0,0,0,0,0,0,326,0,0,0,0,0,0,0,0,0,0,0,0,0,0,0,0,0,0,0,0,0,0,0,0,0,0,0,0,0
Cyanobacteria F: aphanizomenon,cyanobacteria,aphanizomenon,cyanf,cyl,4,80,,0,0,0,0,0,0,0,0,0,0,0,0,0,0,220,0,0,85,0,0,0,0,497,0,0,0,0,436,0,0,0,0,0,0,0,0,0,0,0,0,0,0,0,0,0,0,442,0,0,0,0,0,0,0,0,0,0,0,0,0
Cyanobacteria G: aphanizomenon,cyanobacteria,aphanizomenon,cyang,cyl,4,128,,0,0,0,0,0,0,0,0,0,0,209,0,0,0,0,0,44,0,0,0,0,0,0,0,0,0,0,0,0,0,0,0,0,0,0,0,0,0,0,0,0,0,198,0,198,0,0,0,0,0,0,0,0,0,0,0,0,0,0,0
Cyanobacteria I: aphanizomenon,cyanobacteria,aphanizomenon,cyani,cyl,6,72,,0,0,0,0,0,0,0,0,0,0,0,0,0,0,0,0,0,0,0,0,0,0,0,0,0,0,0,0,0,0,0,0,0,0,0,0,0,0,0,0,0,0,0,0,0,0,0,44,0,0,0,0,0,0,0,0,0,0,0,0
Cyanobacteria J: aphanizomenon,cyanobacteria,aphanizomenon,cyanj,cyl,6,160,,0,0,0,0,0,0,0,0,0,0,0,0,0,0,0,0,0,0,0,133,0,0,0,0,0,0,0,0,0,0,0,0,0,0,0,0,0,0,0,0,0,0,0,0,0,0,0,0,0,0,3681,0,0,0,0,0,0,0,0,0
Cyanobacteria K: aphanizomenon,cyanobacteria,aphanizomenon,cyank,cyl,8,32,,0,0,0,0,0,0,0,0,0,0,1113,0,0,0,0,0,0,0,0,0,0,0,0,0,0,0,0,0,0,0,0,0,0,0,0,0,0,0,0,0,0,0,0,0,0,0,0,0,0,0,0,0,0,22257,0,0,0,0,0,0
Cyanobacteria L: aphanizomenon,cyanobacteria,aphanizomenon,cyanl,cyl,8,80,,0,0,656,1313,305,0,262,1180,870,1440,0,749,0,0,0,0,0,298,882,354,0,524,0,0,0,0,219,0,0,0,0,2489,764,1899,0,2244,939,1175,2204,2447,0,0,0,0,0,218,0,0,0,629,0,1532,6201,0,7773,0,0,16806,17962,54
Cyanobacteria M: aphanizomenon,cyanobacteria,aphanizomenon,cyanm,cyl,8,120,,0,0,0,0,0,2789,0,0,0,0,0,0,0,0,0,0,0,0,0,0,0,0,0,0,44,0,0,0,0,0,0,0,0,0,0,0,0,0,0,0,0,0,0,529,0,0,0,0,0,0,0,0,0,0,0,0,9401,0,0,0
Cyanobacteria P: aphanizomenon,cyanobacteria,aphanizomenon,cyanp,cyl,8,320,,0,0,0,0,0,0,0,0,0,0,0,0,0,42,0,0,0,0,0,0,0,0,0,0,0,0,0,0,0,0,0,0,0,0,0,0,0,0,0,0,0,0,0,0,0,0,0,0,0,0,0,0,517,0,0,0,0,0,0,0
Cyanobacteria R: dolichospermum,cyanobacteria,dolichospermum,cyanr,cyl,4,16,,0,0,0,0,0,0,0,0,0,0,487,0,0,0,0,0,0,0,0,0,0,0,0,0,0,0,0,0,0,0,0,0,0,0,0,0,0,0,0,0,0,0,0,0,0,0,0,0,0,0,0,0,0,0,0,0,0,0,0,0
Cyanobacteria S: dolichospermum,cyanobacteria,dolichospermum,cyans,cyl,4,40,,0,0,0,0,0,0,0,0,0,0,0,0,0,0,0,0,0,0,0,0,0,0,0,0,0,0,0,0,0,0,0,0,0,0,0,0,0,0,0,0,0,0,0,0,0,0,0,0,0,0,0,0,0,0,0,1587,0,0,0,6889
Cyanobacteria T: dolichospermum,cyanobacteria,dolichospermum,cyant,cyl,4,48,,0,0,0,0,0,0,0,0,0,0,0,0,0,0,132,0,0,0,0,133,0,0,0,0,0,0,0,0,0,0,0,0,0,0,0,0,0,0,0,0,53,0,0,0,0,0,0,0,0,0,0,0,0,0,0,0,0,0,0,0
Cyanobacteria U: dolichospermum,cyanobacteria,dolichospermum,cyanu,cyl,4,64,,0,0,0,0,0,0,0,0,0,0,0,0,0,0,0,0,0,0,573,0,0,0,0,0,0,0,0,0,0,0,0,138,0,0,0,0,0,0,0,0,0,0,0,0,0,0,0,0,0,0,0,0,0,0,0,13242,0,0,0,0
Cyanobacteria V: dolichospermum,cyanobacteria,dolichospermum,cyanv,cyl,4,80,,0,0,0,0,0,0,0,0,0,0,0,0,0,42,0,0,0,0,0,0,0,0,0,0,0,0,0,0,0,0,65,0,0,0,0,0,0,0,397,0,0,0,0,0,0,0,0,0,659,0,0,0,0,0,0,0,0,0,0,0
Cyanobacteria W: dolichospermum,cyanobacteria,dolichospermum,cyanw,cyl,4,120,,0,0,0,0,0,0,0,0,0,0,0,0,0,0,0,0,0,0,0,0,0,0,0,0,0,0,0,0,0,0,0,0,0,0,0,0,0,0,0,0,0,0,0,0,0,0,0,0,0,0,0,0,0,0,0,0,0,0,2315,0
Cyanobacteria X: dolichospermum,cyanobacteria,dolichospermum,cyanx,cyl,4,160,,0,0,0,0,0,0,0,0,0,0,0,44,0,0,0,0,0,0,0,0,0,0,0,0,0,0,0,0,0,0,0,0,0,0,0,0,0,0,0,0,0,0,0,0,0,0,0,0,0,0,0,0,0,0,0,0,0,0,0,0
Cyanobacteria Y: dolichospermum,cyanobacteria,dolichospermum,cyany,cyl,4,240,,0,0,0,0,0,0,0,0,0,0,0,0,0,0,0,0,0,0,0,0,0,0,0,0,0,0,0,0,0,0,0,0,42,0,0,0,0,0,0,0,0,0,0,0,0,0,0,0,0,0,0,0,0,0,0,0,0,0,0,0
Cyanobacteria Z: dolichospermum,cyanobacteria,dolichospermum,cyanz,cyl,6,40,,0,0,0,0,0,0,0,0,0,0,0,0,0,0,0,0,0,0,0,0,0,0,0,0,0,0,0,0,0,0,0,0,0,0,0,0,0,0,0,0,0,0,0,0,50,0,0,0,0,0,0,0,0,0,0,0,0,0,0,0
Cyanobacteria AA:dolichospermum,cyanobacteria,dolichospermum,cyanaa,cyl,6,56,,0,0,0,0,0,0,0,0,0,0,0,0,0,0,0,121,0,0,0,0,0,0,0,0,0,0,0,0,0,0,130,0,0,0,0,0,0,0,0,0,0,0,0,0,0,0,0,0,0,0,0,0,0,0,0,0,0,0,0,0
Cyanobacteria AB: dolichospermum,cyanobacteria,dolichospermum,cyanab,cyl,6,64,,0,219,0,0,0,0,0,0,0,0,0,0,0,0,0,0,0,0,0,0,0,0,0,0,0,0,0,0,0,0,0,0,0,0,0,0,0,0,0,0,0,0,0,0,0,0,0,0,0,0,0,0,0,0,0,0,0,0,0,0
Cyanobacteria AC: dolichospermum,cyanobacteria,dolichospermum,cyanac,cyl,6,80,,0,0,0,0,0,0,393,0,0,0,0,0,0,0,0,0,0,0,0,0,0,0,0,0,0,0,0,0,0,0,0,0,0,0,0,0,0,0,0,0,0,0,0,0,0,0,0,0,0,0,920,0,0,0,0,0,0,0,0,0
Cyanobacteria AD: dolichospermum,cyanobacteria,dolichospermum,cyanad,cyl,6,200,,0,0,0,0,0,0,0,0,0,0,0,0,0,0,0,0,0,256,0,0,0,0,0,0,0,0,0,0,0,0,0,0,0,0,0,88,0,0,0,0,0,0,0,0,0,0,0,0,0,0,0,0,0,0,0,0,362,0,0,0
Cyanobacteria AE: dolichospermum,cyanobacteria,dolichospermum,cyanae,cyl,8,40,,0,0,0,0,0,0,0,0,0,0,0,0,0,0,0,0,0,0,0,0,0,0,0,0,0,0,0,0,0,0,0,0,0,44,0,0,0,0,0,0,0,0,0,0,0,0,486,0,44,0,0,0,0,0,0,0,0,0,0,0
Cyanobacteria AF: dolichospermum,cyanobacteria,dolichospermum,cyanaf,cyl,8,80,,0,0,0,438,0,0,0,1224,0,0,0,0,0,0,0,0,0,0,0,0,0,0,0,0,0,0,0,0,0,0,0,0,0,0,0,0,0,0,0,0,0,0,0,0,0,0,0,0,0,0,0,0,0,121,0,0,0,1751,0,0
Cyanobacteria AG: dolichospermum,cyanobacteria,dolichospermum,cyanag,cyl,8,144,,0,0,0,0,0,0,0,0,0,0,278,0,0,0,0,0,0,0,0,0,0,0,0,0,0,0,0,0,0,0,0,0,0,0,0,0,0,0,0,0,0,0,0,0,0,0,0,0,0,0,0,438,0,0,0,0,0,0,0,0
Cyanobacteria AH: other,cyanobacteria,other,cyanah,cyl,1.6,80,,0,0,0,0,0,0,0,0,0,0,0,0,0,0,0,0,0,0,0,0,0,0,0,0,0,0,0,0,0,0,0,0,0,0,0,0,0,0,0,87,0,0,0,0,0,0,0,0,0,0,0,0,0,0,0,0,0,0,0,0
Cyanobacteria AJ: other,cyanobacteria,other,cyanaj,cyl,4,64,,0,0,0,0,0,0,0,0,0,0,0,0,0,0,0,0,0,0,0,0,0,0,0,0,0,0,0,0,0,0,65,0,0,0,0,0,0,0,0,0,0,0,0,0,0,0,0,0,0,0,0,0,0,0,0,0,0,0,0,0
Cyanobacteria AK: other,cyanobacteria,other,cyanak,cyl,4,80,,0,0,0,0,0,0,0,0,0,0,0,0,0,0,0,0,0,0,0,0,0,0,0,0,0,0,0,0,0,0,0,0,0,0,0,0,0,0,1851,0,0,0,0,0,0,0,0,0,0,0,0,0,0,0,0,0,0,0,0,0
Cyanobacteria AL: other,cyanobacteria,other,cyanal,cyl,4,96,,0,0,0,0,0,0,0,0,0,0,0,0,0,0,0,0,0,0,0,0,0,0,0,0,0,0,0,0,0,0,0,0,0,0,0,0,0,462,0,0,0,0,0,0,0,0,0,0,0,0,0,0,0,0,0,0,0,0,0,0
Cyanobacteria AM: other,cyanobacteria,other,cyanam,cyl,4,128,,0,0,0,0,0,0,0,0,0,0,0,0,0,0,0,0,0,0,0,0,0,0,0,0,0,0,0,0,0,0,718,0,0,0,0,0,0,0,0,0,0,0,0,0,0,0,0,0,0,0,0,0,0,121,0,0,0,0,83,0
Cyanobacteria AN: other,cyanobacteria,other,cyanan,cyl,6,80,,0,0,0,0,0,0,0,0,0,0,0,0,0,0,0,0,0,0,0,0,0,0,0,0,0,0,0,0,0,0,0,230,0,0,0,352,0,0,0,1224,0,0,0,0,0,0,0,0,0,0,0,0,0,0,0,0,0,0,0,0
Cyanobacteria AO: other,cyanobacteria,other,cyanao,cyl,8,40,,0,0,0,0,0,0,0,0,0,0,0,0,0,0,0,0,0,0,0,0,0,0,0,0,0,0,0,0,0,0,0,0,0,0,0,0,0,0,0,0,0,0,0,0,0,0,0,0,0,0,306,0,0,0,0,0,0,0,0,0
Cyanobacteria AP: other,cyanobacteria,other,cyanap,cyl,8,72,,0,0,0,0,0,0,0,0,0,0,0,0,0,0,0,0,0,0,0,0,0,0,0,0,0,0,0,0,0,0,0,0,0,0,0,0,0,42,0,0,793,0,0,0,0,0,0,0,0,0,0,0,0,0,136,0,0,0,0,0
Cyanobacteria AQ: other,cyanobacteria,other,cyanaq,cyl,8,168,,500,0,0,0,0,0,0,0,0,0,0,0,0,0,0,0,0,0,0,0,0,0,0,0,0,0,0,0,0,0,0,0,0,0,0,0,0,0,0,0,0,0,0,0,0,0,0,0,0,0,0,3721,0,607,0,72,0,0,0,0
Diatom Z: centric,diatom,centric,diaz,cyl,32,32,,0,0,44,0,0,0,0,0,0,0,0,0,0,0,0,0,0,0,0,0,0,0,0,0,0,0,0,0,0,0,0,0,0,0,0,0,0,0,0,0,0,0,0,0,0,0,0,0,0,0,0,0,0,0,0,0,0,0,0,0
Diatom AA: centric,diatom,centric,diaaa,cyl,40,40,,0,0,0,0,0,0,0,87,0,0,0,0,0,0,0,0,0,0,0,0,0,524,0,0,0,0,0,0,0,0,0,0,0,0,0,0,0,0,0,0,0,0,0,0,0,0,44,0,0,0,0,0,0,0,0,0,0,4377,0,0
Diatom AB: centric,diatom,centric,diaab,cyl,48,48,,0,0,0,0,0,0,0,0,0,0,0,0,0,0,0,0,0,0,0,0,0,0,0,0,0,0,0,0,0,0,0,0,0,0,0,0,0,0,0,0,0,0,0,264,0,0,0,176,0,0,0,0,0,0,0,0,0,0,0,0
Diatom AC: centric 17-32 µm,diatom,centric,diaac,cyl,24.5,24.5,,1874,743,0,613,87,828,87,830,1392,1178,1948,617,126,549,0,524,0,384,793,531,0,65804,3028,54692,4859,58569,7386,43862,53012,49979,913,323,127,530,177,220,0,0,353,175,41797,78390,3813,42616,8881,43091,7906,47696,52120,63014,3848,2408,1292,1821,409,793,579,0,2397,2629
Diatom AD: chain,diatom,chain,diaad,cyl,4,20,,0,0,0,0,0,0,0,0,0,0,0,0,0,0,0,0,0,0,0,0,0,0,0,0,0,0,0,0,0,0,0,0,0,0,0,0,0,0,0,0,0,0,0,0,0,0,0,0,0,0,306,0,0,0,0,505,0,0,0,0
Diatom AE: chain,diatom,chain,diaae,cyl,4,32,,0,0,0,0,0,0,0,0,0,0,0,0,0,0,0,0,0,0,0,0,0,0,0,0,0,0,0,0,0,0,0,0,0,0,0,0,0,0,44,0,0,0,0,0,0,0,0,0,0,0,8784,0,0,0,0,0,0,0,0,0
Diatom AF: chain,diatom,chain,diaaf,cyl,4,64,,62,0,0,0,0,0,0,0,0,0,0,0,0,0,0,0,0,0,0,0,0,0,0,162,0,0,0,0,0,0,0,0,0,0,0,0,0,0,0,175,0,0,0,0,0,0,0,0,0,0,0,0,0,0,0,0,0,0,0,0
Diatom AG: chain,diatom,chain,diaag,cyl,4,104,,0,0,0,0,0,0,0,0,0,0,0,0,0,0,0,0,0,0,44,0,0,0,0,0,0,0,0,0,0,0,0,0,0,0,0,44,0,0,0,0,0,0,0,0,0,0,0,0,0,0,0,0,0,0,0,0,0,0,0,0
Diatom AH: chain,diatom,chain,diaah,cyl,4,160,,0,0,0,0,0,0,0,0,0,0,0,0,0,0,0,0,0,0,0,0,0,0,0,0,0,0,0,0,0,241,0,0,0,0,0,0,0,0,0,0,0,0,0,0,0,0,0,0,0,0,0,0,0,0,136,0,0,0,0,4442
Diatom AI: chain,diatom,chain,diaai,cyl,6,176,,0,0,0,0,0,0,0,0,0,0,209,0,0,0,0,0,0,0,0,0,0,0,0,0,0,0,0,0,0,0,0,0,0,0,0,0,0,0,0,0,0,0,0,0,0,0,0,0,0,0,0,0,0,0,0,4184,0,0,0,0
Diatom AJ: chain,diatom,chain,diaaj,cyl,6,248,,62,0,0,0,0,0,0,0,0,0,0,0,0,0,0,0,0,0,0,0,0,44,0,0,0,0,0,0,0,0,0,0,0,0,0,0,0,0,0,0,0,0,0,0,0,0,0,0,0,0,0,0,0,0,0,0,0,0,0,0
Diatom AK: chain,diatom,chain,diaak,cyl,8,80,,0,0,0,44,0,0,0,0,0,0,0,0,0,0,0,0,0,0,0,0,0,0,0,0,0,0,0,0,0,0,0,0,0,0,0,88,0,0,0,0,0,0,0,0,0,0,0,0,0,0,408,0,258,0,0,0,0,0,0,0
Diatom AL: chain,diatom,chain,diaal,cyl,8,120,,0,0,0,0,0,0,0,0,0,0,0,0,0,0,0,0,0,0,0,0,62,0,0,325,0,0,0,0,0,0,0,0,0,0,0,44,0,0,0,0,0,0,0,0,0,0,0,0,0,0,0,0,0,0,0,0,0,0,0,0
Diatom AM: chain,diatom,chain,diaam,recbox,8,136,8,0,0,0,0,0,0,0,131,0,0,0,0,0,0,0,0,0,0,0,0,0,0,0,0,0,0,87,0,0,0,0,0,0,0,0,0,0,0,0,0,0,0,0,0,0,0,0,0,0,0,0,0,0,0,0,0,0,0,0,0
Diatom AN: chain,diatom,chain,diaan,cyl,8,144,,0,0,0,0,0,0,0,0,0,0,0,0,0,0,0,0,0,0,0,0,0,0,0,0,0,0,0,0,436,0,0,0,0,0,0,0,0,0,0,0,0,0,0,0,0,0,0,0,0,0,0,0,0,0,0,0,0,0,0,0
Diatom AO: chain,diatom,chain,diaao,recbox,8,160,8,0,0,0,0,0,0,0,0,0,175,70,0,0,0,0,0,0,0,0,0,0,393,0,108,0,131,0,0,0,0,0,0,0,0,0,0,0,0,0,0,0,0,0,0,0,0,0,0,0,0,0,219,0,3399,0,0,0,0,0,0
Diatom AP: chain,diatom,chain,diaap,cyl,8,200,,0,0,0,0,0,0,0,0,0,0,0,0,0,0,0,0,0,0,0,0,0,0,0,0,0,0,0,305,0,121,0,0,0,0,0,0,0,0,0,0,0,0,0,0,0,0,0,0,0,39,0,0,0,0,0,0,0,0,0,0
Diatom AQ: chain,diatom,chain,diaaq,cyl,8,256,,0,0,0,0,0,0,0,0,0,0,0,0,0,0,0,0,0,0,0,0,62,0,0,0,0,0,0,0,0,0,0,0,0,0,0,0,0,0,0,0,0,0,0,0,0,0,0,0,0,0,0,0,0,0,0,0,217,0,992,1269
Diatom AR: chain,diatom,chain,diaar,cyl,8,408,,0,0,0,0,0,0,0,0,0,0,0,0,0,0,0,0,0,0,0,0,0,0,0,0,0,44,0,0,0,0,0,0,0,0,0,0,0,0,0,0,0,0,0,0,0,0,0,0,0,0,0,0,0,0,0,0,0,0,0,0
Diatom AS: chain,diatom,chain,diaas,cyl,12,128,,0,0,0,0,0,0,0,0,0,0,0,0,0,0,0,0,0,0,0,0,0,44,0,0,0,0,0,0,0,0,65,0,0,0,0,0,0,0,0,0,0,0,0,0,0,0,0,0,0,0,0,0,0,0,0,0,0,0,0,0
Diatom AU: chain,diatom,chain,diaau,cyl,16,160,,0,0,0,0,0,0,0,0,0,0,0,0,0,0,0,0,0,0,0,0,0,0,0,0,0,0,0,0,0,0,0,0,0,0,0,0,0,0,0,0,0,0,0,0,0,0,0,0,44,0,1171,0,0,0,0,72,72,0,0,0
Diatom AV: chain,diatom,chain,diaav,cyl,16,240,,0,0,0,0,0,0,0,0,0,0,0,0,0,0,0,81,0,0,0,0,0,0,0,0,0,0,0,0,0,0,0,0,0,0,0,0,0,0,44,0,0,0,0,0,0,0,0,0,0,0,102,0,0,0,0,0,0,438,165,453
Diatom AW: chain,diatom,chain,diaaw,cyl,24,64,,0,0,0,0,0,0,0,0,0,0,0,0,0,84,0,0,0,0,0,0,0,0,0,0,0,0,0,0,0,0,0,0,0,0,0,0,0,0,0,0,0,0,0,0,0,0,0,0,0,39,335,0,0,0,0,0,0,0,0,0
Diatom AX: chain,diatom,chain,diaax,cyl,32,1400,,62,0,0,0,0,0,0,0,0,0,0,0,0,0,0,0,0,0,0,0,0,0,0,0,0,0,0,0,0,0,0,0,0,0,0,0,0,0,0,0,0,0,0,0,0,0,0,0,0,0,0,0,0,0,0,0,0,0,0,0
Diatom AZ: egg shaped,diatom,egg shaped,diaaz,prosph,16,32,,0,0,0,0,0,0,0,0,0,0,0,0,0,42,0,0,0,0,0,0,0,0,0,0,0,0,0,0,0,0,65,0,0,0,0,0,0,0,0,0,0,0,0,0,0,0,0,0,0,0,102,0,129,0,136,0,0,109,0,0
Diatom BA: egg shaped,diatom,egg shaped,diaba,prosph,32,48,,0,0,0,0,0,0,0,0,0,0,348,0,0,0,0,40,0,0,0,0,0,0,0,0,0,0,0,0,0,0,0,0,0,0,0,0,0,0,0,0,0,0,0,0,0,0,0,0,0,0,0,0,258,0,0,0,0,328,331,0
Diatom BB: egg shaped,diatom,egg shaped,diabb,prosph,32,80,,0,0,0,0,0,0,0,0,0,0,0,0,0,0,0,0,0,0,0,0,0,0,0,0,0,0,0,0,0,0,0,0,0,44,0,0,0,0,0,0,0,0,0,0,0,0,0,0,0,0,408,219,0,121,0,0,0,0,0,272
Diatom BE: other,diatom,other,diabe,prosph,8,24,,0,0,0,0,44,0,0,0,0,0,0,0,0,0,0,0,0,0,0,0,0,0,0,0,0,0,0,0,0,0,0,0,0,0,0,0,0,0,0,0,0,0,0,0,0,0,0,0,0,0,0,0,0,0,0,144,0,0,0,0
Diatom BF: other,diatom,other,diabf,prosph,9.6,24,,0,0,0,0,0,0,0,0,0,0,209,0,0,0,0,0,0,0,0,0,0,0,0,0,0,0,0,0,0,0,0,0,0,0,0,0,0,0,0,0,0,0,0,0,0,0,0,0,0,0,0,0,0,0,0,0,0,0,0,0
Diatom BG: other,diatom,other,diabg,prisell,16,32,16,0,0,0,0,0,0,0,0,0,0,0,0,0,0,44,0,0,0,0,0,0,0,0,0,0,0,0,0,0,0,0,0,0,0,0,0,0,0,0,0,0,0,0,0,0,0,0,0,0,0,0,0,0,0,0,0,0,0,0,0
Diatom BI: pennate,diatom,pennate,diabi,prisell,2,96,2,0,0,0,0,0,0,0,0,0,0,0,0,0,0,0,0,0,0,0,0,0,0,0,0,0,0,0,0,0,0,0,0,0,0,0,0,0,0,0,0,0,0,0,0,0,0,0,0,0,0,0,0,0,0,0,0,72,109,0,363
Diatom BJ: pennate,diatom,pennate,diabj,cyl,4,16,,0,0,0,0,0,0,0,0,0,0,0,0,0,0,0,0,0,0,0,0,0,0,0,0,0,0,0,0,0,0,0,0,0,0,0,0,0,0,0,0,0,0,0,0,0,0,0,0,0,0,816,0,0,0,0,0,0,0,0,0
Diatom BK: pennate,diatom,pennate,diabk,cyl,4,24,,0,0,0,0,0,0,0,0,0,0,139,0,0,0,0,0,0,0,0,0,0,0,0,0,0,0,0,0,0,0,0,0,0,177,0,0,0,0,0,0,0,0,0,0,0,0,0,0,0,0,2761,0,0,0,0,0,0,0,0,0
Diatom BL: pennate,diatom,pennate,diabl,cyl,4,32,,0,0,0,0,0,0,0,0,0,0,0,0,0,0,0,0,0,0,0,0,0,0,0,0,0,0,0,0,0,0,0,0,0,0,0,0,0,0,0,0,0,0,0,0,0,0,0,0,0,0,0,0,0,0,0,0,0,438,992,0
Diatom BM: pennate,diatom,pennate,diabm,prisell,4,40,4,0,0,0,88,0,0,0,0,0,0,0,0,0,0,0,0,0,0,0,0,0,0,0,0,0,0,0,0,0,0,1109,0,85,0,0,0,0,0,661,0,0,0,0,0,0,0,0,0,0,0,0,0,0,0,0,0,0,0,0,0
Diatom BN: pennate,diatom,pennate,diabn,prisell,4,56,4,0,0,0,0,0,0,0,0,0,0,0,0,0,0,0,0,0,0,0,0,0,0,0,0,0,0,0,0,0,0,0,0,0,0,0,0,0,0,0,0,0,0,0,0,0,0,0,0,0,0,0,0,0,0,0,0,579,0,0,7342
Diatom BO: pennate,diatom,pennate,diabo,prisell,4,64,4,0,0,0,0,0,0,0,0,0,0,0,0,0,0,0,0,0,0,0,0,0,0,0,0,0,0,0,0,0,0,0,46,42,44,0,0,0,0,0,0,0,0,0,0,0,0,0,0,0,0,0,0,0,0,136,0,0,0,7109,1360
Diatom BP: pennate,diatom,pennate,diabp,prisell,4,96,4,0,0,0,0,0,0,0,0,0,0,0,0,0,0,0,0,0,0,0,0,62,0,45,0,0,0,0,0,0,0,457,0,0,0,0,0,0,0,0,0,0,0,0,0,0,0,0,0,0,0,0,0,0,0,0,0,0,1532,0,0
Diatom BQ: pennate,diatom,pennate,diabq,prisell,4,120,4,0,0,0,0,0,0,0,0,0,0,0,0,0,0,0,0,0,0,0,0,0,0,0,0,0,0,0,0,0,0,0,0,0,0,44,0,0,0,0,0,0,0,0,0,0,0,0,0,0,0,0,0,0,0,0,0,0,0,0,0
Diatom BR: pennate,diatom,pennate,diabr,prisell,4,160,4,0,0,0,0,0,0,0,0,0,0,0,0,0,0,0,0,0,0,0,0,0,0,0,0,0,0,0,0,0,0,0,0,0,0,0,0,0,0,0,0,0,0,0,0,0,0,0,0,0,0,0,0,0,0,136,0,0,3721,413,0
Diatom BS: pennate,diatom,pennate,diabs,prisell,4,200,4,0,0,0,0,0,0,0,0,0,0,0,0,0,0,0,0,0,0,0,0,0,0,0,0,0,0,0,0,0,0,65,0,0,0,0,0,0,0,0,0,0,0,0,0,0,0,0,0,0,0,0,1532,0,0,0,0,0,0,0,0
Diatom BT: pennate,diatom,pennate,diabt,prosph,4,240,,0,0,0,0,0,0,0,0,0,0,0,0,0,0,0,0,0,0,0,0,123,0,0,0,0,0,0,0,0,0,0,0,0,0,0,0,0,0,0,0,0,0,0,0,0,0,0,0,0,0,0,0,0,0,0,0,0,0,2480,0
Diatom BU: pennate,diatom,pennate,diabu,cyl,6,40,,0,0,0,0,0,0,44,0,0,87,0,0,0,0,0,0,0,0,0,0,0,0,0,0,0,0,0,0,0,0,0,0,0,0,0,0,0,294,0,0,0,0,0,0,0,0,0,0,0,0,0,0,0,0,0,0,0,0,0,0
Diatom BV: pennate,diatom,pennate,diabv,cyl,6,48,,0,0,0,0,0,0,0,0,0,0,0,0,0,465,0,0,0,0,0,0,0,0,0,0,0,0,0,0,0,0,0,0,0,0,0,0,0,1720,0,0,0,0,0,0,0,0,0,0,0,0,0,0,0,0,0,577,0,0,0,0
Diatom BW: pennate,diatom,pennate,diabw,prisell,6,56,6,0,0,0,0,0,0,0,0,0,0,0,0,251,0,0,0,0,0,0,0,0,0,0,0,0,0,0,0,0,0,0,0,0,0,0,0,0,0,0,0,0,0,0,0,0,0,44,0,0,0,0,0,0,0,0,0,0,0,0,0
Diatom BX: pennate,diatom,pennate,diabx,prisell,6,64,6,0,0,0,0,0,0,0,0,0,0,0,0,0,0,0,0,0,298,0,841,0,0,0,0,0,0,0,0,0,0,0,0,0,0,0,0,0,0,441,0,0,0,0,0,0,0,0,0,0,0,0,0,0,0,0,0,0,0,0,0
Diatom BY: pennate,diatom,pennate,diaby,prisell,6,72,6,0,0,0,0,0,0,0,0,0,0,0,0,0,0,0,0,0,256,0,0,0,0,0,0,0,0,0,0,0,0,0,0,0,0,0,0,0,0,0,0,0,0,50,0,0,0,0,0,0,0,0,0,0,0,0,0,0,0,0,0
Diatom BZ: pennate,diatom,pennate,diabz,cyl,6,80,,0,0,0,0,0,0,0,0,131,0,0,132,0,0,0,0,0,0,0,0,0,0,0,0,0,0,0,0,131,40,0,0,0,0,0,0,0,0,0,0,0,0,0,0,0,0,0,0,0,0,0,0,0,0,0,0,0,0,0,0
Diatom CA: pennate,diatom,pennate,diaca,cyl,6,120,,0,0,0,0,0,0,0,0,0,0,0,0,84,0,0,0,0,0,0,0,0,0,0,0,0,0,0,0,87,0,0,0,0,0,0,0,0,126,0,0,0,0,0,0,0,0,0,0,0,0,0,0,0,0,0,0,0,0,0,0
Diatom CB: pennate,diatom,pennate,diacb,prisell,6,160,6,0,0,0,0,0,0,0,0,0,0,0,0,0,0,0,0,0,0,0,0,0,44,0,0,0,0,0,0,0,0,0,0,0,0,0,0,0,0,0,0,0,0,0,0,0,0,0,0,0,0,2259,0,0,0,0,0,0,1204,1323,0
Diatom CC: pennate,diatom,pennate,diacc,prisell,6.4,36,6,0,0,0,0,0,0,0,0,0,0,1670,0,0,0,0,0,0,0,0,0,0,0,0,0,0,0,0,0,0,0,0,0,0,0,0,0,0,0,0,0,0,0,0,0,0,0,0,0,0,0,0,0,0,0,0,0,0,0,0,0
Diatom CD: pennate,diatom,pennate,diacd,prosph,8,24,,0,0,0,44,0,0,0,0,0,0,1183,0,0,0,0,0,0,0,132,0,0,0,0,0,0,0,0,0,0,0,0,138,0,0,0,176,0,0,220,0,0,0,0,0,0,0,0,0,0,0,306,0,0,0,0,0,0,0,248,272
Diatom CE: pennate,diatom,pennate,diace,prisell,8,32,8,0,0,0,0,0,0,0,0,0,0,0,0,0,0,0,0,0,0,0,0,0,0,0,0,0,0,0,0,0,0,0,0,0,0,0,0,0,42,0,0,0,68,0,0,0,0,0,0,0,0,0,0,0,728,0,0,0,0,0,0
Diatom CF: pennate,diatom,pennate,diacf,prisell,8,40,8,0,0,0,0,0,0,0,44,0,0,0,0,0,0,88,121,0,0,0,0,62,0,0,0,0,0,0,0,0,0,130,46,0,0,44,0,0,0,0,0,0,0,0,0,0,0,0,0,0,0,0,0,646,0,0,0,0,0,0,816
Diatom CG: pennate,diatom,pennate,diacg,cyl,8,48,,0,0,0,0,0,0,0,0,0,0,0,264,0,0,0,0,0,85,0,0,0,0,0,0,44,0,0,0,0,0,0,0,0,398,0,616,0,0,2733,0,0,0,0,0,0,0,0,0,0,0,0,0,0,14163,0,577,0,0,496,0
Diatom CH: pennate,diatom,pennate,diach,prosph,8,56,,0,131,87,44,0,0,0,0,0,0,0,0,0,0,0,0,0,0,0,0,0,0,0,0,0,0,0,0,0,0,130,0,0,0,0,0,0,84,0,437,0,0,0,0,0,145,0,0,0,0,0,0,0,1700,0,0,362,657,0,635
Diatom CI: pennate,diatom,pennate,diaci,prisell,8,64,8,0,0,0,0,0,0,0,0,44,0,487,0,0,0,0,0,0,0,0,0,0,0,0,0,0,0,0,0,0,0,0,0,0,0,0,0,0,0,0,0,0,0,0,88,0,0,0,0,0,0,1224,0,0,0,136,1443,0,0,0,272
Diatom CJ: pennate,diatom cylindrotheca,pennate,diacj,prosph,8,72,,0,0,0,0,0,0,0,0,0,0,0,0,0,0,0,484,261,0,0,0,0,0,0,0,0,0,0,0,0,0,0,0,0,0,0,0,0,0,0,0,0,0,0,0,0,0,0,0,0,0,0,2845,1033,4977,545,1587,145,1642,1323,997
Diatom CK: pennate,diatom,pennate,diack,prisell,8,80,8,0,0,0,0,0,0,0,0,0,0,0,0,0,0,0,0,0,0,0,0,0,0,0,0,0,0,0,0,0,0,0,46,0,0,0,132,0,0,0,1573,0,0,0,0,0,0,0,0,0,0,0,0,0,607,818,433,0,0,0,0
Diatom CL: pennate,diatom,pennate,diacl,prispar,8,120,8,0,0,0,0,0,0,0,0,0,0,0,0,0,0,0,0,0,0,0,0,0,0,0,0,0,0,0,0,0,0,0,0,0,0,0,0,0,0,0,0,0,0,0,0,0,0,0,0,0,0,0,657,129,0,0,0,0,0,331,453
Diatom CM: pennate,diatom,pennate,diacm,prisell,8,144,8,0,0,0,0,0,0,0,0,0,0,0,0,0,0,0,0,0,0,0,0,0,0,0,0,0,0,0,174,0,40,0,0,0,0,0,0,0,0,0,0,0,0,0,0,0,0,0,0,0,0,0,0,0,0,0,0,0,0,0,0
Diatom CN: pennate,diatom,pennate,diacn,prisell,8,168,8,0,44,0,44,0,0,0,0,0,0,0,0,0,0,0,0,0,0,0,0,0,0,0,0,0,0,0,0,0,0,0,0,0,0,0,0,0,0,0,0,0,0,0,0,0,0,0,0,0,0,920,0,0,0,0,0,0,0,496,91
Diatom CO: pennate,diatom,pennate,diaco,cyl,8,184,,0,0,0,0,0,0,0,0,0,87,0,0,0,0,0,0,0,0,0,0,0,0,0,0,0,0,0,0,0,0,0,0,0,0,0,0,0,0,0,0,0,0,0,0,0,0,0,0,0,0,510,2626,0,1578,0,793,0,0,0,2719
Diatom CP: pennate,diatom,pennate,diacp,prisell,8,256,8,0,0,0,0,0,0,0,0,0,0,0,0,0,0,0,0,0,0,0,0,0,0,0,0,0,0,0,0,0,0,0,0,0,0,0,0,0,0,0,0,0,0,0,0,0,0,0,0,0,0,0,0,0,0,0,505,0,0,83,0
Diatom CQ: pennate,diatom,pennate,diacq,prisell,8,320,8,0,0,0,0,0,0,0,0,0,0,0,0,0,0,0,0,0,0,0,0,0,0,0,0,0,0,0,0,0,0,0,0,0,0,0,0,0,0,0,0,0,0,0,0,0,0,0,0,0,0,1088,0,0,850,0,0,0,0,0,0
Diatom CS: pennate,diatom,pennate,diacs,prisell,12,48,12,0,0,0,0,0,0,0,0,0,0,0,0,0,0,0,0,0,0,0,0,0,0,0,0,0,0,0,0,0,0,196,0,0,0,0,0,0,0,0,87,0,0,0,0,0,0,0,0,0,0,0,0,0,0,0,0,0,0,0,0
Diatom CT: pennate,diatom,pennate,diact,prisell,12,56,12,0,0,0,0,0,0,0,0,0,0,0,0,0,42,0,0,0,0,0,0,0,0,0,0,0,0,0,0,0,0,0,0,0,0,0,0,0,0,176,0,0,0,0,0,0,0,0,0,0,0,0,0,0,0,0,0,0,0,0,0
Diatom CU: pennate,diatom,pennate,diacu,prosph,12,80,,0,0,0,0,0,0,0,0,0,0,0,0,0,0,0,0,0,0,88,0,0,0,0,0,0,0,0,0,0,0,0,0,0,0,0,0,0,0,0,0,0,0,0,0,0,0,0,0,0,0,0,0,0,0,0,0,0,0,0,0
Diatom CV: pennate,diatom,pennate,diacv,prisell,12,128,12,0,0,0,0,0,0,0,0,0,0,0,0,0,0,0,0,0,0,0,0,0,0,0,0,0,0,0,0,0,0,0,0,0,486,0,0,0,0,0,0,0,0,0,0,0,0,0,0,0,0,0,0,0,0,0,0,0,0,0,0
Diatom CW: pennate,diatom,pennate,diacw,prisell,16,40,16,0,0,0,0,0,0,0,0,0,0,0,0,0,0,0,0,0,0,0,0,0,0,0,0,0,0,0,0,0,0,0,0,0,0,0,44,0,0,0,0,0,0,0,0,0,0,0,0,0,0,0,0,0,0,0,0,0,0,0,0
Diatom CX: pennate,diatom cylindrotheca,pennate,diacx,prosph,16,48,,0,0,0,0,0,0,0,0,0,0,626,0,0,0,0,0,0,0,0,0,0,0,0,0,0,0,0,0,0,0,0,0,0,0,0,0,0,0,0,0,0,0,0,0,0,0,0,0,0,0,0,0,0,0,0,0,0,0,0,0
Diatom CY: pennate,diatom,pennate,diacy,recbox,16,64,16,62,0,0,0,0,0,0,0,0,0,0,0,0,0,0,0,0,0,0,0,0,0,0,0,0,0,0,0,0,0,0,0,0,0,0,0,0,0,0,87,0,0,0,0,0,0,0,0,0,0,0,0,0,0,0,0,0,0,83,0
Diatom CZ: pennate,diatom,pennate,diacz,prisell,16,104,16,0,0,0,0,0,0,0,0,0,0,0,0,0,0,0,0,0,0,0,0,0,0,0,0,0,0,0,0,0,0,0,0,0,0,0,0,0,0,0,0,0,68,0,0,0,0,0,0,0,0,0,0,0,0,0,0,0,0,0,0
Diatom DA: pennate,diatom,pennate,diada,recbox,16,160,16,187,0,0,0,0,0,0,0,0,0,0,0,0,0,0,0,0,0,0,89,0,0,0,0,0,0,0,0,0,0,0,0,0,0,0,0,0,0,0,0,0,0,0,0,0,0,0,0,0,0,0,219,0,0,0,0,0,0,0,0
Diatom DB: pennate,diatom,pennate,diadb,recbox,16,360,16,0,0,0,0,0,0,0,0,0,0,0,0,0,0,0,0,0,0,0,0,0,0,0,0,0,0,0,0,0,0,0,0,0,0,0,0,0,0,0,0,0,0,0,0,0,0,0,0,0,0,0,0,0,0,0,0,0,0,0,181
Diatom DC: pennate,diatom,pennate,diadc,prisell,20,56,20,0,0,0,0,0,0,0,0,0,0,0,0,0,0,0,0,0,0,0,0,0,0,0,0,0,0,0,0,0,0,0,0,0,0,0,0,0,0,132,0,0,0,0,0,0,0,0,0,0,79,0,0,0,0,0,0,0,0,0,0
Diatom DE: pennate,diatom,pennate,diade,prisell,20,112,20,0,0,0,0,0,0,0,0,0,0,0,0,0,0,0,0,0,0,0,0,0,0,0,0,0,0,0,0,0,0,0,0,0,0,0,0,0,0,0,0,0,0,0,0,0,0,0,0,0,0,0,0,0,0,0,0,0,109,0,0
Diatom DF: pennate,diatom,pennate,diadf,prosph,24,32,,0,0,0,0,0,0,0,0,0,0,0,0,0,0,0,0,0,0,0,0,0,0,0,0,0,0,0,0,0,0,0,0,0,0,0,0,0,0,0,0,0,0,0,0,0,0,0,0,0,0,837,0,0,0,0,0,362,0,0,0
Diatom DG: pennate,diatom,pennate,diadg,prisell,24,72,24,0,0,0,0,0,0,0,0,0,0,0,0,0,0,0,0,0,0,0,0,0,0,0,0,0,0,0,0,0,0,0,0,0,0,0,0,0,0,0,0,0,0,0,0,0,0,0,0,0,0,0,0,0,0,0,72,72,109,0,0
Diatom DH: pennate,diatom,pennate,diadh,recbox,104,200,104,0,0,0,0,0,0,0,0,0,0,0,0,0,0,0,0,0,0,0,0,0,0,0,0,0,0,0,0,0,0,0,0,0,0,0,0,0,0,88,0,0,0,0,0,0,0,0,0,0,0,0,0,0,0,0,0,0,0,0,0
Diatom DI: pennate fragilaria,diatom,pennate fragillaria,diadi,prisell,16,48,16,0,0,0,0,0,0,0,0,0,0,0,0,0,0,0,0,0,0,0,0,0,0,0,0,0,0,0,0,44,0,0,0,0,0,0,0,0,0,0,0,0,0,0,0,0,0,0,0,0,0,0,0,0,0,0,0,0,0,0,0
Diatom DJ: pennate fragilaria,diatom,pennate fragillaria,diadj,prisell,16,96,16,0,0,0,0,0,0,0,0,0,0,0,0,0,0,0,0,0,0,0,0,0,0,0,0,0,0,0,0,0,0,0,46,0,0,0,0,0,0,0,0,0,0,0,0,0,0,0,0,0,0,0,0,0,0,0,0,0,0,0,0
Diatom DK: pennate fragilaria,diatom,pennate fragillaria,diadk,prisell,24,64,24,0,0,0,44,0,0,0,0,0,0,0,0,0,0,0,0,0,0,0,0,0,0,0,0,0,0,0,0,0,0,0,0,0,0,0,0,0,0,0,0,0,0,0,0,0,0,0,0,0,0,0,0,0,0,0,0,0,0,0,0
Diatom DL: pennate fragilaria,diatom,pennate fragillaria,diadl,prisell,48,64,48,0,0,0,0,0,0,0,0,0,0,0,0,0,0,0,0,0,0,0,0,0,0,0,0,0,0,0,0,0,40,0,0,0,0,0,0,0,0,0,0,0,0,0,0,0,0,0,0,0,0,0,0,0,0,0,0,0,0,0,0
Diatom DM: pennate fragilaria,diatom,pennate fragillaria,diadm,prisell,64,80,64,0,0,0,0,0,0,0,0,0,0,0,0,0,0,0,0,0,0,0,0,0,44,0,0,0,0,0,0,0,0,0,0,0,0,0,0,0,0,0,0,0,0,0,0,0,0,0,0,0,0,0,0,0,0,0,0,434,0,0,0
Diatom DN: pennate pleurosigma,diatom,pennate pleurosigma,diadn,prispar,4,64,4,0,0,0,0,0,0,0,0,0,0,0,0,0,0,0,0,0,0,0,0,0,0,0,0,0,0,0,44,0,0,0,0,0,0,0,0,0,0,0,0,0,0,0,0,0,0,0,0,0,0,0,0,0,0,0,0,0,0,0,0
Diatom DO: pennate pleurosigma,diatom,pennate pleurosigma,diado,prispar,4,160,4,0,0,0,0,0,0,0,0,0,0,0,0,0,0,0,0,0,0,0,0,0,0,0,0,0,0,0,0,0,0,457,0,0,0,0,0,0,0,0,0,0,0,0,0,0,0,0,0,0,0,0,0,0,0,0,0,0,0,0,0
Diatom DQ: pennate pleurosigma,diatom,pennate pleurosigma,diadq,prispar,6,56,3,0,0,0,0,0,0,0,524,0,0,0,397,0,0,0,0,0,298,0,0,0,0,0,0,0,0,0,0,0,0,0,0,0,0,0,0,0,0,0,0,0,0,0,0,0,0,0,0,0,0,0,0,0,0,0,0,0,0,0,0
Diatom DR: pennate pleurosigma,diatom,pennate pleurosigma,diadr,prispar,6,88,3,0,0,0,0,0,0,0,0,0,0,0,0,0,0,0,0,0,0,0,0,0,0,0,0,0,0,0,0,0,0,0,0,0,0,0,0,0,0,0,0,0,0,0,0,0,0,0,0,0,79,0,0,0,0,0,0,0,0,0,0
Diatom DS: pennate pleurosigma,diatom,pennate pleurosigma,diads,prispar,8,44,8,0,0,0,0,0,0,0,0,0,0,0,0,0,0,0,0,0,0,926,0,0,0,0,0,0,0,0,0,0,0,0,0,0,0,0,0,0,0,220,0,0,0,0,0,0,0,0,0,0,0,0,0,0,0,0,0,0,0,0,0
Diatom DT: pennate pleurosigma,diatom,pennate pleurosigma,diadt,prispar,8,64,8,0,0,0,0,0,0,131,0,0,0,0,0,0,0,0,0,0,0,0,0,0,0,0,0,0,0,0,0,0,0,0,0,170,0,0,0,0,0,0,0,0,0,0,0,0,0,0,0,0,0,0,0,0,0,0,0,0,0,0,0
Diatom DU: pennate pleurosigma,diatom,pennate pleurosigma,diadu,prispar,8,80,8,125,0,0,131,0,0,0,0,131,0,0,0,0,84,0,0,0,0,0,0,0,0,0,0,0,0,0,0,0,40,0,0,0,0,0,0,0,0,0,0,0,0,0,0,0,0,0,0,0,0,0,0,0,0,0,0,0,0,0,0
Diatom DV: pennate pleurosigma,diatom,pennate pleurosigma,diadv,prispar,8,96,8,0,0,0,0,0,0,0,0,0,0,2226,0,0,0,0,0,0,0,0,0,0,0,0,0,0,0,0,0,0,0,0,0,0,0,0,0,0,0,0,0,0,0,0,0,0,0,0,0,0,0,0,0,0,0,0,0,0,0,0,0
Diatom DW: pennate pleurosigma,diatom,pennate pleurosigma,diadw,prispar,8,120,8,0,0,0,0,0,0,0,0,0,175,0,0,0,0,0,0,0,0,0,0,0,0,0,0,0,0,0,0,0,0,0,0,0,0,44,0,0,0,0,0,0,0,0,0,0,0,0,0,0,0,0,0,0,0,0,0,0,0,0,0
Diatom DY: pennate pleurosigma,diatom,pennate pleurosigma,diady,prispar,12,96,12,0,0,0,0,0,0,0,0,0,0,0,0,0,0,0,0,0,0,0,0,0,0,0,0,0,0,0,0,0,0,0,184,0,0,0,0,0,0,0,0,0,0,0,0,0,0,0,0,0,0,0,0,0,0,0,0,0,0,0,0
Diatom DZ: pennate pleurosigma,diatom,pennate pleurosigma,diadz,prispar,16,64,16,0,0,0,0,0,305,0,0,0,0,0,0,0,0,0,0,0,0,0,0,0,0,0,0,0,0,0,0,0,0,0,0,0,0,0,0,0,0,0,0,0,0,0,0,0,0,0,0,0,0,0,0,0,0,0,0,0,0,0,0
Diatom EA: pennate pleurosigma,diatom,pennate pleurosigma,diaea,prispar,16,88,16,0,0,0,0,0,0,0,0,0,0,0,0,0,0,0,0,0,0,0,0,0,0,0,0,0,0,0,0,0,0,0,0,0,44,0,0,0,0,0,0,0,0,0,0,0,0,0,0,0,0,0,657,0,0,0,0,0,0,0,0
Diatom EB: pennate pleurosigma,diatom,pennate pleurosigma,diaeb,prispar,16,144,16,0,0,0,0,0,0,0,0,0,0,0,0,0,0,0,0,0,0,0,0,0,0,0,0,0,0,0,0,0,0,0,0,0,0,0,0,0,0,0,0,0,0,0,0,0,0,0,0,0,0,920,0,258,0,0,0,0,438,0,0
Diatom EC: pennate pleurosigma,diatom,pennate pleurosigma,diaec,prispar,16,184,16,0,0,0,0,0,0,0,0,0,0,0,0,0,0,0,0,0,0,0,0,0,131,0,0,0,0,0,0,0,0,0,0,0,0,0,0,0,0,0,0,0,0,0,0,0,0,0,0,0,0,0,0,0,0,0,0,0,0,0,181
Dinoflagellate C: Peridinium,dinoflagellate,peridinium,dinoc,ellips,16,16,16,0,131,0,0,0,0,0,0,0,0,0,0,0,0,0,0,0,0,0,0,0,0,0,0,44,0,0,0,0,0,0,0,0,0,0,0,0,0,0,0,0,0,0,0,0,0,0,0,0,0,0,0,0,0,0,0,0,0,83,1269
Dinoflagellate D: Peridinium,dinoflagellate,peridinium,dinod,ellips,20,20,20,0,0,0,0,0,0,0,0,0,0,0,0,0,0,0,0,0,0,0,0,0,436,0,271,0,613,0,0,0,0,0,0,0,0,0,0,0,0,0,0,0,0,0,0,0,0,0,0,0,0,0,0,0,0,0,0,0,0,0,0
Dinoflagellate E: Peridinium,dinoflagellate,peridinium,dinoe,ellips,20,24,20,0,0,0,263,0,0,0,0,0,0,0,0,0,0,0,0,0,0,0,0,0,0,0,0,0,0,0,0,0,522,0,0,0,0,0,0,0,0,0,0,0,0,0,0,0,0,0,0,0,0,0,0,0,0,0,0,0,0,0,0
Dinoflagellate F: Peridinium,dinoflagellate,peridinium,dinof,ellips,24,24,24,0,0,0,0,0,0,0,306,218,305,0,44,0,0,0,0,0,0,0,0,554,0,45,0,0,0,0,392,305,0,0,0,0,0,0,0,0,0,0,0,0,0,0,0,0,0,0,0,0,0,0,0,0,0,0,0,0,875,909,0
Dinoflagellate G: prorocentrum,dinoflagellate,prorocentrum,dinog,ellips,18,17.6,18,0,0,0,0,0,0,0,0,0,0,0,0,0,0,0,0,0,0,0,0,0,0,0,0,0,0,0,0,0,0,848,0,0,0,0,0,0,0,0,0,0,0,0,0,0,0,0,0,0,0,0,0,0,0,0,0,0,0,0,0
Diatom: Entemoneis,diatom,other,entem,prisell,16,40,16,0,0,0,0,0,0,0,0,0,0,0,0,0,0,0,0,0,0,0,0,554,0,0,0,0,0,0,0,0,0,652,0,0,0,0,0,0,0,0,0,0,0,0,0,0,0,0,0,0,0,102,0,0,0,0,0,0,0,0,0
Flagellate I,flagellate,other,flagi,prosph,8,16,,750,0,0,0,0,0,0,0,0,0,0,0,0,0,0,0,0,0,0,0,0,0,0,0,0,0,0,0,0,0,0,0,0,0,0,0,0,0,0,0,0,0,0,0,0,0,0,0,0,0,0,0,0,0,0,0,0,2189,0,0
Flagellate  J,flagellate,other,flagj,prosph,12,20,,0,0,0,0,0,0,0,0,0,0,0,0,0,0,0,0,0,0,0,0,0,0,0,0,0,0,0,0,0,0,0,0,0,0,0,0,0,0,0,0,0,0,0,0,0,0,0,0,0,0,0,0,0,0,0,0,0,0,248,0
Flagellate K,flagellate,other,flagk,prosph,16,32,,0,0,0,0,0,0,0,0,0,0,0,0,0,0,0,0,0,0,0,0,0,0,0,0,0,0,0,0,0,0,0,0,0,0,0,0,0,0,0,0,0,0,0,0,0,0,44,0,44,0,0,0,0,0,0,289,0,438,0,0
Flagellate L,flagellate,other,flagl,prosph,24,32,,0,0,0,0,0,0,0,0,0,0,0,0,0,0,0,0,0,0,0,0,0,0,0,0,0,0,0,0,0,0,0,0,0,0,0,0,0,0,0,0,0,0,0,0,0,0,0,0,0,0,0,0,0,0,0,0,0,109,1488,1088
Flagellate M: Colonial,flagellate,colonial,flagm,prosph,16,16,,0,0,0,0,0,0,0,0,0,44,0,0,0,0,0,0,0,0,44,0,0,0,0,0,0,0,0,0,0,0,0,0,0,0,0,0,0,0,0,0,0,0,0,0,0,0,0,0,0,0,0,0,0,0,0,0,0,0,0,0
Flagellate N: Cryptomonas,flagellate,cryptomonas,flagn,prosph,6,16,,0,0,0,0,0,0,0,0,0,0,0,0,0,0,0,0,0,0,0,0,0,0,0,0,0,0,0,0,0,0,0,0,0,177,0,0,0,0,0,0,0,0,0,0,0,0,0,0,0,0,0,0,0,0,0,0,0,0,0,0
Flagellate O: Cryptomonas,flagellate,cryptomonas,flago,prosph,8,16,,0,0,0,0,0,0,0,0,0,0,0,0,0,0,0,323,0,0,0,0,0,0,0,0,0,0,0,0,0,0,0,0,0,0,0,0,0,0,0,0,0,0,0,0,0,0,0,0,0,0,0,0,0,0,0,0,0,0,0,0
Flagellate P: Cryptomonas,flagellate,cryptomonas,flagp,prosph,8,24,,1437,1005,0,0,0,1002,87,787,1175,1309,0,0,0,0,0,0,0,128,0,575,0,0,0,866,0,0,0,1699,0,0,0,0,0,0,0,0,0,0,882,262,0,0,0,0,0,0,0,0,0,0,7947,0,0,0,0,0,0,0,6613,8520
Flagellate Q: Cryptomonas,flagellate,cryptomonas,flagq,prosph,12,40,,0,0,0,0,0,0,0,0,44,0,0,0,0,0,0,0,0,0,0,0,0,0,0,0,0,0,0,0,0,0,0,0,0,0,0,0,0,0,0,0,0,0,0,0,0,0,0,0,0,0,0,0,0,0,0,0,0,0,0,0
Flagellate R: Cryptomonas,flagellate,cryptomonas,flagr,prosph,16,24,,0,0,0,657,0,0,0,0,0,0,0,0,0,0,0,0,0,0,441,0,0,1135,0,0,0,306,0,0,1017,763,0,0,0,0,0,0,0,0,0,0,0,0,0,0,0,0,0,0,0,0,0,0,0,0,0,0,0,10506,0,0
Flagellate S:Cryptomonas,flagellate,cryptomonas,flags,prosph,16,48,,0,0,0,0,0,0,0,0,0,0,0,0,0,0,0,0,0,0,0,0,0,0,0,0,0,0,0,0,0,0,0,0,0,0,0,0,0,0,0,0,0,0,0,0,0,0,0,0,0,0,1428,219,0,0,0,0,0,766,0,0
Flagellate T:Euglenid,flagellate,euglenid,flagt,prosph,8,20,,0,0,0,0,0,0,0,0,0,0,209,0,0,0,0,0,0,0,0,0,0,0,0,0,0,0,0,0,0,0,0,0,0,0,0,0,0,0,0,0,0,0,0,0,0,0,0,0,0,0,0,0,0,0,0,0,0,0,0,0
Flagellate U: Euglenid,flagellate,euglenid,flagu,prosph,8,32,,0,0,0,0,0,0,0,0,0,0,0,0,0,0,0,0,0,0,0,0,0,0,0,0,0,0,0,0,0,0,0,0,0,0,0,0,0,0,88,0,0,0,0,0,0,0,0,0,0,0,0,0,0,0,0,0,0,0,0,0
Flagellate V: Euglenid,flagellate,euglenid,flagv,prosph,8,40,,0,0,0,0,0,0,0,0,0,0,0,0,0,0,0,0,0,0,0,0,0,0,0,0,0,0,0,0,0,0,0,0,0,0,0,0,0,0,0,0,0,0,0,0,0,0,0,0,0,0,0,0,0,0,0,0,0,0,0,1541
Flagellate W: Euglenid,flagellate,euglenid,flagw,prosph,8,136,,0,0,0,0,0,0,0,0,0,0,0,0,0,0,0,0,0,0,0,0,0,0,0,0,0,0,0,0,0,0,0,0,0,0,0,0,0,0,0,0,0,0,0,0,0,0,0,0,0,0,0,0,0,0,0,72,72,0,0,0
Flagellate X: Euglenid,flagellate,euglenid,flagx,prosph,12,80,,0,0,0,0,0,0,0,0,0,0,0,0,0,0,0,0,0,0,0,0,0,0,0,0,0,0,0,0,0,0,0,0,0,0,44,0,0,0,0,0,0,0,0,0,0,0,0,0,0,0,0,0,0,0,0,0,0,438,496,0
Flagellate Y: Euglenid,flagellate,euglenid,flagy,prosph,16,48,,0,0,0,0,0,0,0,0,0,0,0,0,0,0,0,0,0,0,0,0,0,0,0,0,0,0,0,0,0,0,0,0,0,0,0,0,0,0,0,0,0,0,0,0,0,0,0,0,0,0,0,438,0,243,136,0,0,109,0,0
Flagellate Z: Euglenid,flagellate,euglenid,flagz,prosph,16,144,,0,0,0,0,0,0,0,0,0,0,0,0,0,0,0,0,0,0,0,0,0,0,0,0,0,0,0,0,0,0,0,0,0,0,0,0,0,0,0,0,0,0,0,0,0,0,0,0,0,0,0,0,129,0,0,0,0,0,0,0
Flagellate AA: Euglenid,flagellate,euglenid,flagaa,prosph,40,40,,0,0,0,0,0,0,0,0,0,0,0,0,0,0,0,0,0,0,0,0,0,0,0,0,0,0,0,0,0,0,0,0,0,0,0,0,0,0,0,0,0,0,0,0,0,0,0,0,0,0,714,0,0,0,0,216,0,0,0,0
Ochrophyte A: Synura,ochrophyte,synura,ochra,prosph,16,16,,0,0,0,0,0,0,0,0,0,0,0,0,0,0,0,0,0,0,0,0,0,0,0,0,0,0,0,0,0,0,0,0,0,0,0,0,0,0,0,0,740,0,0,88,0,73,0,0,0,0,0,0,0,0,0,0,0,0,0,0
Ochrophyte B: Synura,ochrophyte,synura,ochrb,prosph,32,32,,0,0,0,0,0,0,0,0,0,0,0,0,0,0,0,0,0,0,0,0,0,0,0,0,0,0,0,0,0,0,0,0,0,0,0,0,0,0,0,0,0,0,0,0,0,0,0,0,44,0,0,0,0,0,0,0,0,2626,1323,1360
Tintinnid A: agglutinated,tintinnid,agglutinated,tina,prosph,16,24,,0,0,0,0,0,0,0,0,0,0,0,0,0,1098,0,0,0,0,0,0,62,0,0,0,0,0,0,0,0,0,0,0,0,0,0,0,0,0,0,0,0,0,0,0,0,0,0,0,0,0,0,0,0,0,0,0,0,0,0,0
Tintinnid B: agglutinated,tintinnid,agglutinated,tinb,prosph,16,80,,0,0,0,0,0,0,0,0,0,0,0,0,0,0,0,0,0,0,0,0,0,0,0,0,0,0,0,0,0,0,65,0,0,0,0,0,0,0,0,0,0,0,0,0,0,0,0,0,0,0,0,0,0,0,0,0,0,0,0,0
Tintinnid C: agglutinated,tintinnid,agglutinated,tinc,prosph,20,40,,0,0,0,0,0,0,0,0,0,0,0,0,0,0,0,0,0,0,0,0,0,0,0,0,0,263,0,0,0,0,0,0,0,0,0,0,0,0,0,0,0,0,0,0,0,0,0,0,0,0,0,0,0,0,0,0,0,0,0,0
Tintinnid D: agglutinated,tintinnid,agglutinated,tind,prosph,20,64,,0,0,0,0,0,0,0,0,0,0,0,0,0,0,0,0,0,0,0,0,0,0,0,0,0,0,0,0,0,0,0,0,0,1148,0,0,0,0,0,0,0,0,0,0,0,0,0,0,0,0,0,0,0,0,0,0,0,0,0,0
Tintinnid E: agglutinated,tintinnid,agglutinated,tine,prosph,24,32,,0,0,0,0,0,0,0,44,0,0,0,0,0,0,0,0,0,0,0,0,0,0,0,0,0,0,0,0,0,0,0,0,0,0,0,0,0,0,0,0,0,0,0,0,0,0,0,0,0,0,2142,0,0,0,0,0,72,0,0,0
Tintinnid F: agglutinated,tintinnid,agglutinated,tinf,prosph,24,40,,0,0,0,0,0,0,0,0,0,0,0,0,0,0,0,0,174,0,132,0,185,0,0,0,0,0,0,0,0,0,0,0,0,0,0,0,0,0,0,0,0,0,0,0,0,0,0,0,0,0,0,0,0,0,0,0,0,0,0,0
Tintinnid G: agglutinated,tintinnid,agglutinated,ting,prosph,24,48,,0,0,0,0,0,0,0,0,0,0,0,0,0,0,132,0,0,0,0,0,0,0,0,0,0,0,0,0,0,0,0,0,0,0,0,616,0,0,0,0,0,0,0,0,0,0,0,0,0,0,0,0,0,0,0,0,0,0,0,0
Tintinnid H: agglutinated,tintinnid,agglutinated,tinh,prosph,24,56,,0,0,0,0,0,0,0,0,0,0,0,970,0,0,0,0,0,0,0,0,0,262,0,379,0,0,0,87,0,0,0,0,0,0,0,0,0,0,0,0,0,0,0,0,0,0,0,0,0,0,204,0,0,0,0,0,0,0,0,0
Tintinnid I: agglutinated,tintinnid,agglutinated,tini,prosph,24,64,,0,0,0,0,0,0,0,0,0,44,0,0,0,0,0,565,0,0,0,0,0,0,0,0,0,0,0,0,0,0,0,922,0,0,0,0,0,0,0,0,0,0,0,0,0,0,0,0,0,0,0,0,0,0,0,577,0,0,0,0
Tintinnid J: agglutinated,tintinnid,agglutinated,tinj,prosph,24,72,,0,0,0,0,0,0,0,0,0,0,278,0,0,0,0,0,0,0,0,0,0,0,0,0,0,0,0,0,0,0,0,0,0,0,0,0,0,0,0,0,0,0,0,0,0,0,0,0,0,0,0,0,0,0,0,0,0,0,0,0
Tintinnid K: agglutinated,tintinnid,agglutinated,tink,prosph,24,96,,0,0,0,0,0,0,0,0,0,0,0,0,0,0,0,0,0,0,0,0,0,0,0,0,0,0,0,0,0,0,0,0,0,0,0,0,0,0,0,0,0,0,0,0,0,0,0,0,0,0,510,1094,0,243,0,0,0,21757,0,10968
Tintinnid L: agglutinated,tintinnid,agglutinated,tinl,prosph,24,120,,0,0,0,0,0,0,0,0,0,0,0,0,0,0,0,0,0,0,0,0,0,0,0,0,0,0,0,0,0,0,0,0,0,0,0,0,0,0,0,0,0,0,0,0,0,0,0,0,0,0,0,0,0,0,0,0,0,0,18423,0
Tintinnid M: agglutinated,tintinnid,agglutinated,tinm,prosph,32,40,,0,0,0,0,0,0,0,0,0,0,0,0,0,0,0,0,0,85,0,0,0,0,0,0,0,0,0,0,0,0,0,0,0,0,0,0,0,0,0,0,0,0,0,0,0,0,0,0,0,0,0,0,0,0,0,0,0,0,0,0
Tintinnid N: agglutinated,tintinnid,agglutinated,tinn,prosph,32,48,,0,0,0,0,0,0,0,0,0,0,278,0,84,0,0,0,0,0,0,354,0,0,0,0,0,0,0,0,0,0,0,0,0,0,0,0,0,0,0,0,0,0,0,0,0,0,0,0,0,0,0,0,0,121,0,0,0,0,0,0
Tintinnid O: agglutinated,tintinnid,agglutinated,tino,prosph,32,56,,0,0,0,0,0,0,0,0,0,0,0,0,0,0,0,0,0,0,0,0,0,0,0,0,0,0,0,0,0,0,0,0,0,0,0,0,0,0,0,0,0,0,0,0,0,0,0,0,0,0,0,0,0,0,0,144,0,0,331,0
Tintinnid P: agglutinated,tintinnid,agglutinated,tinp,prosph,32,64,,0,0,0,0,0,0,0,0,0,0,0,0,0,0,0,0,0,0,0,0,0,0,0,0,0,0,0,0,44,0,0,0,0,0,0,0,0,0,0,0,0,0,0,0,0,0,0,0,0,0,0,0,0,0,0,0,0,0,0,181
Tintinnid Q: hyaline,tintinnid,hyaline,tinq,prosph,12,32,,0,0,0,0,0,0,0,0,0,0,0,0,0,0,0,0,0,0,0,0,0,0,0,0,0,0,0,0,0,0,0,0,0,0,0,0,0,0,44,0,0,0,0,0,0,0,0,0,0,0,0,0,0,0,0,0,0,0,0,0
Tintinnid R: hyaline,tintinnid,hyaline,tinr,prosph,16,20,,0,0,0,0,0,0,0,0,0,0,0,0,0,42,0,0,0,0,0,0,0,0,0,0,0,0,0,0,0,0,0,0,0,0,0,0,0,0,88,0,0,0,0,0,0,0,0,0,0,0,0,0,0,0,0,0,0,0,0,0
Tintinnid S: hyaline,tintinnid,hyaline,tins,prosph,16,24,,0,0,0,0,0,0,0,0,0,0,0,44,0,0,0,0,0,0,0,0,0,0,0,0,0,0,0,0,0,0,0,0,0,0,0,0,0,0,0,0,0,0,0,0,0,0,0,0,0,0,0,0,0,0,0,0,0,0,0,0
Tintinnid T: hyaline,tintinnid,hyaline,tint,prosph,16,36,,0,0,0,0,0,0,0,0,0,0,0,0,0,0,0,0,0,0,0,0,0,0,0,0,0,0,0,0,0,0,0,0,0,44,0,0,0,0,0,0,0,0,0,0,0,0,0,0,0,0,0,1751,0,0,0,0,0,0,0,0
Tintinnid U: hyaline,tintinnid,hyaline,tinu,prosph,32,56,,62,0,0,0,0,0,0,0,0,0,0,0,0,0,0,0,0,0,0,0,0,0,0,0,0,0,0,0,0,0,0,0,0,0,0,0,0,0,0,0,0,0,0,0,0,0,0,0,0,0,0,0,0,0,0,0,0,0,0,0
Unidentified C1 ≥ 40µm,unidentified,other,unc1,prosph,8,48,,0,0,0,0,0,87,0,0,0,0,0,0,0,0,0,0,0,0,0,0,0,0,0,0,0,0,0,0,0,0,0,0,0,0,0,0,0,0,0,0,0,0,693,0,0,0,0,0,0,0,0,0,0,0,0,0,0,0,0,0
Unidentified C2 ≥ 40µm,unidentified,other,unc2,cyl,8,168,,0,0,0,0,0,0,0,0,0,0,0,0,0,0,0,0,0,0,0,0,0,0,0,0,0,0,0,0,0,0,0,0,0,0,0,0,0,0,44,0,0,0,0,0,0,0,0,0,0,0,0,0,0,0,0,0,0,0,0,0
Unidentified C3 ≥ 40µm,unidentified,other,unc3,prosph,16,80,,0,0,0,0,0,0,0,0,0,0,0,0,0,0,0,0,0,0,0,0,0,0,0,0,0,0,0,0,0,0,0,0,0,0,0,0,0,0,0,0,0,0,149,0,0,73,0,0,0,0,0,0,0,0,0,0,0,0,0,0
Unidentified C5 ≥ 40µm,unidentified,other,unc5,prosph,32,40,,0,0,0,44,0,0,0,0,0,0,0,0,0,0,0,0,0,0,0,0,0,0,0,0,0,0,0,0,0,0,0,0,0,0,0,0,0,0,0,0,0,0,0,0,0,0,0,0,0,0,0,0,0,0,0,0,0,0,0,0
Unidentified C ≥ 40µm,unidentified,other,unc,prosph,32,56,,0,0,0,0,0,0,0,0,0,0,0,0,0,0,0,0,0,0,0,0,0,0,0,0,0,0,0,0,0,0,0,0,0,0,0,220,0,0,0,0,0,0,0,0,0,0,0,176,0,0,0,0,0,0,0,0,0,0,0,0
Unidentified C6 ≥ 40µm,unidentified,other,unc6,prosph,32,80,,437,0,0,0,0,0,0,0,0,0,0,0,0,0,0,0,0,0,0,0,0,0,0,0,0,0,0,0,0,0,1044,0,0,0,0,0,0,0,0,0,0,0,0,0,0,0,0,0,0,0,0,0,0,0,0,0,0,0,0,0
Unidentified C7 ≥ 40µm,unidentified,other,unc7,prosph,40,48,,0,0,0,0,0,0,0,0,0,0,0,0,0,0,0,0,0,0,0,0,0,0,0,0,0,0,0,0,0,0,0,0,0,0,0,0,0,0,0,0,2853,0,0,0,0,0,0,0,0,0,0,0,0,0,0,0,0,0,0,0
Unidentified C8 ≥ 40µm,unidentified,other,unc8,prosph,40,72,,0,0,0,0,0,0,0,0,0,0,0,0,0,0,0,0,0,0,0,0,0,0,0,0,0,0,0,0,0,0,0,0,0,0,0,0,0,0,0,0,0,0,0,0,0,0,0,0,0,0,0,0,0,0,0,0,0,0,0,91
Unidentified D1 < 40µm,unidentified,other,und1,prosph,6,32,,0,0,0,0,0,0,0,0,0,0,0,0,0,0,0,0,0,0,0,0,0,0,0,0,0,0,0,0,0,0,0,0,0,0,0,0,0,0,0,0,0,0,0,0,0,0,0,0,1318,0,0,0,0,0,0,0,0,0,0,0
Unidentified D2 < 40µm,unidentified,other,und2,prosph,8,16,,0,0,0,0,0,0,0,0,0,0,139,0,0,0,0,0,0,0,0,0,62,0,0,0,0,0,0,0,0,0,0,0,0,0,0,0,0,0,0,0,0,0,0,0,0,0,0,0,0,0,0,0,0,0,0,0,0,0,0,0
Unidentified D3 < 40µm,unidentified,other,und3,prosph,8,24,,0,0,0,0,0,0,0,0,0,0,0,0,0,0,0,0,0,0,0,0,0,0,0,0,0,0,0,0,0,0,0,0,0,0,0,0,0,0,0,0,0,0,0,0,744,0,0,0,0,0,1020,4158,0,0,0,0,0,0,0,0
Unidentified D4 < 40µm,unidentified,other,und4,cyl,8,32,,0,0,0,0,0,0,0,0,0,0,4870,0,0,0,0,0,0,0,0,0,0,0,0,0,0,0,0,0,0,0,0,0,0,0,0,0,0,0,0,0,793,0,0,0,0,0,0,0,0,0,102,0,0,0,0,0,0,0,0,0
Unidentified D5 < 40µm,unidentified,other,und5,prosph,12,32,,0,0,0,0,0,0,0,0,0,0,0,0,0,0,0,0,0,0,0,0,0,0,0,0,0,0,0,0,0,40,0,323,0,0,0,0,0,0,1367,1486,0,0,0,0,0,0,0,0,0,0,0,0,0,0,0,0,0,0,0,0
Unidentified D6 < 40µm,unidentified,other,und6,prosph,16,24,,0,0,0,0,0,0,0,0,0,0,0,0,0,0,0,0,0,0,44,0,123,0,0,0,0,0,0,0,0,0,65,0,0,0,0,0,0,0,0,0,0,0,0,0,0,0,0,0,0,0,102,0,0,1457,409,0,8678,0,0,0
Unidentified D7 < 40µm,unidentified,other,und7,prosph,16,32,,3061,0,0,0,0,0,0,0,0,0,0,0,0,0,0,0,0,0,0,0,0,0,0,0,0,0,0,0,0,0,65,0,0,0,0,0,0,42,0,0,0,0,0,0,0,0,1281,0,0,0,0,0,0,0,0,0,0,109,0,0
Unidentified D8 < 40µm,unidentified,other,und8,prosph,16,40,,0,0,0,0,0,0,0,0,0,0,0,0,0,0,0,0,0,0,0,0,0,0,0,0,0,0,0,0,0,0,0,0,0,0,0,0,0,0,309,0,0,0,0,0,0,0,0,0,0,118,0,0,0,0,1500,0,0,0,0,0
Unidentified D9 < 40µm,unidentified,other,und9,prosph,16,72,,0,0,0,0,0,0,0,0,0,0,0,0,0,0,0,0,0,0,0,0,0,0,0,0,0,0,0,0,0,0,0,0,0,44,0,0,0,0,0,0,0,0,0,0,0,0,0,0,0,0,0,0,0,0,0,0,0,0,0,0
Unidentified D10 < 40µm,unidentified,other,und10,prosph,20,40,,0,0,0,0,0,0,0,0,0,0,0,0,0,0,0,0,0,0,0,0,0,44,0,0,0,0,0,0,0,0,913,599,0,0,0,0,0,755,0,0,0,0,0,0,0,0,0,0,0,0,0,0,0,0,0,0,0,0,0,0
Unidentified D11 < 40µm,unidentified,other,und11,prosph,24,32,,0,0,0,0,0,0,0,0,0,0,0,0,0,0,0,0,0,0,0,0,62,0,0,0,0,0,0,0,0,0,652,0,0,265,0,0,0,0,0,0,0,0,0,0,0,0,0,0,0,0,0,0,0,0,0,0,0,0,0,0
Unidentified D12 < 40µm,unidentified,other,und12,prosph,24,40,,0,0,0,0,0,0,0,0,0,0,0,0,0,0,0,0,0,0,0,0,0,0,0,0,0,0,0,0,0,0,0,0,85,0,0,1144,0,0,0,0,2114,0,0,0,0,0,0,0,0,0,0,0,0,0,0,0,0,0,0,453
Unidentified D13 < 40µm,unidentified,other,und13,sph,32,32,,0,0,0,0,0,0,0,0,0,0,0,0,0,0,0,0,0,43,0,0,0,0,0,0,0,0,0,0,0,0,0,0,0,0,0,0,0,0,0,0,0,0,0,0,0,0,0,0,0,0,0,0,0,0,0,0,0,0,0,0
Unidentified D14 < 40µm,unidentified,other,und14,prosph,32,56,,0,0,0,0,44,0,0,0,0,0,0,0,0,0,0,0,0,0,0,0,0,0,0,0,0,0,0,0,0,0,0,0,0,0,44,0,0,0,0,0,0,0,0,0,0,0,0,0,0,0,408,0,0,0,0,0,0,0,0,0
Unidentified Round D,unidentified,round,unrnd,sph,16,16,,0,0,0,0,0,0,0,0,0,0,0,0,0,0,0,0,0,0,0,44,123,44,0,0,0,0,0,0,0,0,0,0,0,0,0,0,0,0,0,0,0,0,0,0,0,0,0,0,0,0,0,0,0,0,0,0,0,0,0,0
Unidentified Round E,unidentified,round,unrne,sph,28,28,,0,0,0,0,0,0,0,175,0,0,0,0,0,0,0,0,0,0,0,0,0,0,0,0,0,0,0,0,0,0,130,369,212,0,0,0,0,0,0,0,0,0,0,0,0,0,0,0,0,0,204,0,0,971,0,0,0,0,0,0
Unidentified Round F,unidentified,round,unrnf,sph,40,40,,0,0,0,0,0,0,0,0,0,0,0,0,0,0,0,0,0,0,0,0,185,0,0,0,0,0,0,0,0,0,0,0,0,0,0,0,0,0,0,0,211,0,198,0,0,0,0,0,0,0,1632,0,0,0,273,0,0,0,0,0
Unidentified Round G,unidentified,round,unrng,sph,48,48,,0,0,0,0,0,0,0,0,0,0,139,0,0,0,0,0,0,0,0,0,0,0,0,0,0,0,0,0,0,0,0,0,0,0,0,0,0,168,0,0,0,204,0,0,0,0,177,0,0,0,102,0,0,0,0,0,0,0,83,0
Unidentified Round H,unidentified,round,unrnh,sph,56,56,,62,0,0,0,0,0,0,0,0,0,209,0,0,0,0,0,0,0,0,0,0,0,0,0,0,0,0,0,0,0,0,0,0,0,0,0,0,0,0,0,0,0,0,0,0,0,0,0,0,0,0,0,0,0,0,0,0,0,0,0
Unidentified Round I,unidentified,round,unrni,sph,64,64,,0,0,0,0,0,0,0,0,0,0,70,0,0,0,0,0,0,0,0,0,0,0,0,0,0,0,0,0,0,0,0,0,0,0,0,0,0,0,0,0,0,0,0,0,0,73,0,0,44,0,0,0,0,0,0,0,0,0,0,0
Unidentified Round J,unidentified,round,unrnj,sph,80,80,,0,0,44,0,0,0,0,0,0,0,0,0,0,0,0,0,0,0,0,0,0,0,0,0,0,0,0,0,0,0,0,0,0,0,0,0,0,0,0,0,0,0,0,0,0,0,0,0,0,0,0,0,0,0,0,0,0,0,0,0
Unidentified Round K 17 to 32 µm (0.2-0.4 mu),unidentified,round,unrnk,sph,24.5,24.5,,1124,175,131,131,131,0,0,437,609,480,1252,309,251,507,1405,161,87,128,353,398,2463,349,136,0,219,0,0,174,0,0,4698,4149,4969,795,972,1804,0,629,1234,524,1849,407,3664,970,2380,1600,3666,2156,2943,2514,7529,9849,5296,1457,1091,3534,1012,3064,1653,2447