,samp_ev,exp,grp_typ,category,sa,la,wi,tot_ct,bmn_pgml
1,YBP2,site,chlorophyte actinastrum,chlorophyte actinastrum 2.5 12.5,2.5,12.5,NA,50,20.66949226
2,YBP2,IC,chlorophyte actinastrum,chlorophyte actinastrum 2.5 12.5,2.5,12.5,NA,80,8.755685721
3,YBP2,FC,chlorophyte actinastrum,chlorophyte actinastrum 2.5 12.5,2.5,12.5,NA,50,12.56123689
4,YBP2,T24,chlorophyte actinastrum,chlorophyte actinastrum 2.5 12.5,2.5,12.5,NA,10,3.216438363
5,SJR1,FC,chlorophyte colonial,chlorophyte colonial 8 8,8,8,NA,6,10.73292498
6,SJR1,FC,chlorophyte colonial,chlorophyte colonial 12 12,12,12,NA,1,5.627631553
7,SJR1,FC,chlorophyte colonial,chlorophyte colonial 24 24,24,24,NA,2,76.03163324
8,SJR1,T24,chlorophyte colonial,chlorophyte colonial 32 32,32,32,NA,1,101.3437342
9,YBP1,FC,chlorophyte colonial,chlorophyte colonial 12 12,12,12,NA,4,20.91327443
10,WLD2,site,chlorophyte colonial,chlorophyte colonial 6 12,6,12,NA,100,90.15255585
11,WLD2,IC,chlorophyte colonial,chlorophyte colonial 6 6,6,6,NA,2,2.245376939
12,WLD2,IC,chlorophyte colonial,chlorophyte colonial 6 12,6,12,NA,2,1.472170073
13,WLD2,IC,chlorophyte colonial,chlorophyte colonial 16 16,16,16,NA,1,12.1687155
14,WLD2,FC,chlorophyte colonial,chlorophyte colonial 10 10,10,10,NA,2,6.512454532
15,WLD2,FC,chlorophyte colonial,chlorophyte colonial 12 12,12,12,NA,2,11.40046312
16,WLD2,T24,chlorophyte colonial,chlorophyte colonial 8 8,8,8,NA,1,1.681182545
17,LSZ2,site,chlorophyte colonial,chlorophyte colonial 6 6,6,6,NA,3,4.629360592
18,LSZ2,IC,chlorophyte colonial,chlorophyte colonial 32 104,32,104,NA,1,89.08533741
19,LSZ2,IC,chlorophyte colonial,chlorophyte colonial 40 40,40,40,NA,1,167.0327902
20,LSZ2,FC,chlorophyte colonial,chlorophyte colonial 10 10,10,10,NA,4,12.37674427
21,LSZ2,FC,chlorophyte colonial,chlorophyte colonial 32 32,32,32,NA,1,89.18248609
22,LSZ2,T24,chlorophyte colonial,chlorophyte colonial 4 4,4,4,NA,2,0.489655333
23,SJR2,FC,chlorophyte colonial,chlorophyte colonial 10 10,10,10,NA,13,37.51570699
24,YBP2,site,chlorophyte colonial,chlorophyte colonial 4 4,4,4,NA,8,3.066702372
25,YBP2,site,chlorophyte colonial,chlorophyte colonial 4 10,4,10,NA,2,0.834328919
26,YBP2,site,chlorophyte colonial,chlorophyte colonial 4 16,4,16,NA,1,0.435181206
27,YBP2,site,chlorophyte colonial,chlorophyte colonial 8 8,8,8,NA,2,5.879478345
28,YBP2,site,chlorophyte colonial,chlorophyte colonial 10 10,10,10,NA,3,16.13184327
29,YBP2,site,chlorophyte colonial,chlorophyte colonial 16 16,16,16,NA,18,326.1174286
30,YBP2,site,chlorophyte colonial,chlorophyte colonial 24 24,24,24,NA,6,364.2555921
31,YBP2,IC,chlorophyte colonial,chlorophyte colonial 4 16,4,16,NA,42,10.68659419
32,YBP2,IC,chlorophyte colonial,chlorophyte colonial 6 6,6,6,NA,47,64.21541945
33,YBP2,IC,chlorophyte colonial,chlorophyte colonial 8 8,8,8,NA,77,132.3290539
34,YBP2,IC,chlorophyte colonial,chlorophyte colonial 8 16,8,16,NA,7,8.176871957
35,YBP2,IC,chlorophyte colonial,chlorophyte colonial 10 10,10,10,NA,19,36.735604
36,YBP2,IC,chlorophyte colonial,chlorophyte colonial 12 12,12,12,NA,7,43.87386236
37,YBP2,IC,chlorophyte colonial,chlorophyte colonial 16 16,16,16,NA,20,74.33196449
38,YBP2,IC,chlorophyte colonial,chlorophyte colonial 24 24,24,24,NA,4,182.8077648
39,YBP2,IC,chlorophyte colonial,chlorophyte colonial 32 32,32,32,NA,2,214.4272094
40,YBP2,IC,chlorophyte colonial,chlorophyte colonial 32 104,32,104,NA,2,213.2605761
41,YBP2,IC,chlorophyte colonial,chlorophyte colonial 40 40,40,40,NA,1,247.2524855
42,YBP2,IC,chlorophyte colonial,chlorophyte colonial 64 64,64,64,NA,1,788.1597012
43,YBP2,FC,chlorophyte colonial,chlorophyte colonial 4 4,4,4,NA,21,12.37327713
44,YBP2,FC,chlorophyte colonial,chlorophyte colonial 12 12,12,12,NA,20,155.073981
45,YBP2,FC,chlorophyte colonial,chlorophyte colonial 16 16,16,16,NA,82,1311.883888
46,YBP2,FC,chlorophyte colonial,chlorophyte colonial 24 24,24,24,NA,3,184.0306356
47,YBP2,FC,chlorophyte colonial,chlorophyte colonial 32 32,32,32,NA,13,1639.90427
48,YBP2,T24,chlorophyte colonial,chlorophyte colonial 6 6,6,6,NA,5,15.6811795
49,YBP2,T24,chlorophyte colonial,chlorophyte colonial 6 12,6,12,NA,3,7.001499112
50,YBP2,T24,chlorophyte colonial,chlorophyte colonial 10 10,10,10,NA,88,373.7906892
51,YBP2,T24,chlorophyte colonial,chlorophyte colonial 12 12,12,12,NA,3,26.1715641
52,SJR1,IC,chlorophyte other,chlorophyte other 10 10,10,10,NA,6,18.23085633
53,WLD2,IC,chlorophyte other,chlorophyte other 16 16,16,16,NA,1,12.1687155
54,WLD2,T24,chlorophyte other,chlorophyte other 10 10,10,10,NA,11,29.95560604
55,LSZ2,T24,chlorophyte other,chlorophyte other 10 10,10,10,NA,1,3.374584656
56,YBP2,site,chlorophyte other,chlorophyte other 16 16,16,16,NA,37,641.5264188
57,YBP2,FC,chlorophyte other,chlorophyte other 10 10,10,10,NA,17,79.65439385
58,LSZ2,IC,chlorophyte pediastrum,chlorophyte pediastrum 40 40,40,40,40,1,225.340593
59,YBP2,site,chlorophyte pediastrum,chlorophyte pediastrum 16 16,16,16,16,1,31.62443821
60,YBP2,IC,chlorophyte pediastrum,chlorophyte pediastrum 40 40,40,40,40,3,1015.096234
61,YBP2,FC,chlorophyte pediastrum,chlorophyte pediastrum 16 16,16,16,16,7,265.16341
62,SJR1,IC,chlorophyte scenedesmus,chlorophyte scenedesmus 4 4,4,4,NA,3,0.719685741
63,SJR1,IC,chlorophyte scenedesmus,chlorophyte scenedesmus 4 8,4,8,NA,7,3.06404232
64,SJR1,FC,chlorophyte scenedesmus,chlorophyte scenedesmus 4 8,4,8,NA,3,1.370752686
65,SJR1,T24,chlorophyte scenedesmus,chlorophyte scenedesmus 4 8,4,8,NA,3,1.555976695
66,SJR1,T24,chlorophyte scenedesmus,chlorophyte scenedesmus 6 8,6,8,NA,11,11.29865352
67,YBP1,site,chlorophyte scenedesmus,chlorophyte scenedesmus 4 4,4,4,NA,9,3.200529413
68,YBP1,site,chlorophyte scenedesmus,chlorophyte scenedesmus 12 16,12,16,NA,1,11.76403085
69,YBP1,IC,chlorophyte scenedesmus,chlorophyte scenedesmus 4 4,4,4,NA,23,2.504193451
70,YBP1,IC,chlorophyte scenedesmus,chlorophyte scenedesmus 8 10,8,10,NA,3,6.302209627
71,YBP1,FC,chlorophyte scenedesmus,chlorophyte scenedesmus 4 4,4,4,NA,22,2.396271022
72,YBP1,FC,chlorophyte scenedesmus,chlorophyte scenedesmus 4 8,4,8,NA,7,2.809261749
73,YBP1,FC,chlorophyte scenedesmus,chlorophyte scenedesmus 8 12,8,12,NA,5,11.01696588
74,YBP1,FC,chlorophyte scenedesmus,chlorophyte scenedesmus 16 32,16,32,NA,1,24.53055033
75,YBP1,T24,chlorophyte scenedesmus,chlorophyte scenedesmus 4 4,4,4,NA,16,1.795932656
76,YBP1,T24,chlorophyte scenedesmus,chlorophyte scenedesmus 6 6,6,6,NA,5,3.472781643
77,WLD2,site,chlorophyte scenedesmus,chlorophyte scenedesmus 4 6,4,6,NA,3,1.564211654
78,WLD2,site,chlorophyte scenedesmus,chlorophyte scenedesmus 12 16,12,16,NA,1,11.02292913
79,WLD2,IC,chlorophyte scenedesmus,chlorophyte scenedesmus 4 6,4,6,NA,11,1.854622403
80,WLD2,FC,chlorophyte scenedesmus,chlorophyte scenedesmus 4 6,4,6,NA,3,1.105531965
81,WLD2,FC,chlorophyte scenedesmus,chlorophyte scenedesmus 4 8,4,8,NA,5,2.233986446
82,WLD2,T24,chlorophyte scenedesmus,chlorophyte scenedesmus 4 6,4,6,NA,3,0.97944471
83,WLD2,T24,chlorophyte scenedesmus,chlorophyte scenedesmus 4 8,4,8,NA,10,2.204111087
84,LSZ2,site,chlorophyte scenedesmus,chlorophyte scenedesmus 6 8,6,8,NA,1,1.477311007
85,LSZ2,site,chlorophyte scenedesmus,chlorophyte scenedesmus 16 24,16,24,NA,3,73.36263625
86,LSZ2,IC,chlorophyte scenedesmus,chlorophyte scenedesmus 4 6,4,6,NA,5,1.556582942
87,LSZ2,IC,chlorophyte scenedesmus,chlorophyte scenedesmus 8 10,8,10,NA,2,4.241006146
88,LSZ2,FC,chlorophyte scenedesmus,chlorophyte scenedesmus 4 6,4,6,NA,6,1.047981907
89,LSZ2,FC,chlorophyte scenedesmus,chlorophyte scenedesmus 14 20,14,20,NA,3,34.25776756
90,LSZ2,T24,chlorophyte scenedesmus,chlorophyte scenedesmus 10 16,10,16,NA,4,19.93619454
91,LSZ2,T24,chlorophyte scenedesmus,chlorophyte scenedesmus 16 24,16,24,NA,1,18.55991619
92,SJR2,site,chlorophyte scenedesmus,chlorophyte scenedesmus 4 4,4,4,NA,7,2.269641267
93,SJR2,IC,chlorophyte scenedesmus,chlorophyte scenedesmus 4 4,4,4,NA,8,0.9356999
94,SJR2,IC,chlorophyte scenedesmus,chlorophyte scenedesmus 6 14,6,14,NA,9,13.95842179
95,SJR2,IC,chlorophyte scenedesmus,chlorophyte scenedesmus 16 32,16,32,NA,2,24.26315702
96,SJR2,FC,chlorophyte scenedesmus,chlorophyte scenedesmus 4 4,4,4,NA,2,0.490191061
97,SJR2,FC,chlorophyte scenedesmus,chlorophyte scenedesmus 4 8,4,8,NA,10,4.254911084
98,SJR2,FC,chlorophyte scenedesmus,chlorophyte scenedesmus 12 16,12,16,NA,1,7.364949683
99,SJR2,FC,chlorophyte scenedesmus,chlorophyte scenedesmus 16 32,16,32,NA,1,24.31607558
100,SJR2,T24,chlorophyte scenedesmus,chlorophyte scenedesmus 4 4,4,4,NA,2,0.488587382
101,SJR2,T24,chlorophyte scenedesmus,chlorophyte scenedesmus 4 6,4,6,NA,1,0.372116218
102,SJR2,T24,chlorophyte scenedesmus,chlorophyte scenedesmus 4 8,4,8,NA,6,2.633749784
103,YBP2,site,chlorophyte scenedesmus,chlorophyte scenedesmus 12 16,12,16,NA,11,119.6481288
104,YBP2,IC,chlorophyte scenedesmus,chlorophyte scenedesmus 4 6,4,6,NA,48,9.316595623
105,YBP2,IC,chlorophyte scenedesmus,chlorophyte scenedesmus 6 6,6,6,NA,1,1.001514661
106,YBP2,IC,chlorophyte scenedesmus,chlorophyte scenedesmus 8 12,8,12,NA,8,27.38377728
107,YBP2,IC,chlorophyte scenedesmus,chlorophyte scenedesmus 10 16,10,16,NA,7,40.81510913
108,YBP2,IC,chlorophyte scenedesmus,chlorophyte scenedesmus 14 20,14,20,NA,2,29.19900293
109,YBP2,IC,chlorophyte scenedesmus,chlorophyte scenedesmus 16 24,16,24,NA,3,65.15950559
110,YBP2,IC,chlorophyte scenedesmus,chlorophyte scenedesmus 16 32,16,32,NA,4,111.2355002
111,YBP2,FC,chlorophyte scenedesmus,chlorophyte scenedesmus 4 6,4,6,NA,62,16.16133222
112,YBP2,FC,chlorophyte scenedesmus,chlorophyte scenedesmus 12 16,12,16,NA,3,34.21417732
113,YBP2,FC,chlorophyte scenedesmus,chlorophyte scenedesmus 16 24,16,24,NA,2,98.8418069
114,YBP2,FC,chlorophyte scenedesmus,chlorophyte scenedesmus 16 32,16,32,NA,1,67.54465438
115,YBP2,T24,chlorophyte scenedesmus,chlorophyte scenedesmus 4 4,4,4,NA,26,6.131713094
116,YBP2,T24,chlorophyte scenedesmus,chlorophyte scenedesmus 4 6,4,6,NA,41,20.20765782
117,YBP2,T24,chlorophyte scenedesmus,chlorophyte scenedesmus 4 8,4,8,NA,14,18.19728071
118,YBP2,T24,chlorophyte scenedesmus,chlorophyte scenedesmus 6 8,6,8,NA,8,21.82806163
119,SJR1,site,ciliate cone,ciliate cone 32 36,32,36,NA,2,200.3561183
120,SJR1,IC,ciliate cone,ciliate cone 24 24,24,24,NA,261,2478.566076
121,SJR1,IC,ciliate cone,ciliate cone 32 36,32,36,NA,3,221.9721963
122,SJR1,FC,ciliate cone,ciliate cone 24 24,24,24,NA,275,3143.881247
123,SJR1,FC,ciliate cone,ciliate cone 32 36,32,36,NA,5,452.6555082
124,SJR1,T24,ciliate cone,ciliate cone 24 24,24,24,NA,77,820.4864041
125,YBP1,site,ciliate cone,ciliate cone 24 40,24,40,NA,4,328.6319836
126,YBP1,IC,ciliate cone,ciliate cone 24 24,24,24,NA,85,855.5074299
127,YBP1,FC,ciliate cone,ciliate cone 24 24,24,24,NA,429,4070.260779
128,YBP1,FC,ciliate cone,ciliate cone 24 40,24,40,NA,131,5900.212124
129,YBP1,FC,ciliate cone,ciliate cone 32 56,32,56,NA,1,130.5573244
130,YBP1,T24,ciliate cone,ciliate cone 24 24,24,24,NA,105,1574.134587
131,WLD2,site,ciliate cone,ciliate cone 40 48,40,48,NA,1,257.3572116
132,WLD2,IC,ciliate cone,ciliate cone 24 24,24,24,NA,63,628.8621337
133,WLD2,FC,ciliate cone,ciliate cone 24 24,24,24,NA,351,3546.173262
134,WLD2,FC,ciliate cone,ciliate cone 24 40,24,40,NA,7,377.4643281
135,WLD2,FC,ciliate cone,ciliate cone 32 36,32,36,NA,2,167.3703362
136,WLD2,T24,ciliate cone,ciliate cone 24 24,24,24,NA,76,741.3752841
137,WLD2,T24,ciliate cone,ciliate cone 24 40,24,40,NA,1,51.23627765
138,WLD2,T24,ciliate cone,ciliate cone 40 48,40,48,NA,1,161.1464528
139,LSZ2,site,ciliate cone,ciliate cone 16 24,16,24,NA,1,20.24665609
140,LSZ2,IC,ciliate cone,ciliate cone 24 24,24,24,NA,160,1548.956266
141,LSZ2,FC,ciliate cone,ciliate cone 24 24,24,24,NA,575,5626.083204
142,LSZ2,FC,ciliate cone,ciliate cone 32 36,32,36,NA,2,165.3626222
143,LSZ2,FC,ciliate cone,ciliate cone 40 48,40,48,NA,5,424.3754442
144,LSZ2,T24,ciliate cone,ciliate cone 24 24,24,24,NA,102,1028.574129
145,LSZ2,T24,ciliate cone,ciliate cone 32 56,32,56,NA,1,133.7846769
146,SJR2,site,ciliate cone,ciliate cone 16 24,16,24,NA,20,391.6260735
147,SJR2,IC,ciliate cone,ciliate cone 24 24,24,24,NA,133,1327.784021
148,SJR2,IC,ciliate cone,ciliate cone 24 40,24,40,NA,4,206.4168018
149,SJR2,FC,ciliate cone,ciliate cone 24 24,24,24,NA,151,4433.131079
150,SJR2,FC,ciliate cone,ciliate cone 24 40,24,40,NA,1,52.58918328
151,SJR2,T24,ciliate cone,ciliate cone 24 24,24,24,NA,47,1407.391405
152,YBP2,IC,ciliate cone,ciliate cone 24 24,24,24,NA,210,3882.565
153,YBP2,FC,ciliate cone,ciliate cone 16 24,16,24,NA,42,774.617792
154,YBP2,FC,ciliate cone,ciliate cone 32 56,32,56,NA,1,359.4884432
155,YBP2,FC,ciliate cone,ciliate cone 40 48,40,48,NA,2,574.1266554
156,YBP2,T24,ciliate cone,ciliate cone 12 20,12,20,NA,11,213.221831
157,YBP2,T24,ciliate cone,ciliate cone 16 24,16,24,NA,23,303.0675577
158,YBP2,T24,ciliate cone,ciliate cone 32 36,32,36,NA,4,968.3289315
159,YBP2,T24,ciliate cone,ciliate cone 40 48,40,48,NA,3,841.1180174
160,YBP1,site,ciliate oblong,ciliate oblong 16 32,16,32,NA,1,60.06054405
161,YBP1,IC,ciliate oblong,ciliate oblong 16 48,16,48,NA,1,54.83773324
162,WLD2,site,ciliate oblong,ciliate oblong 16 24,16,24,NA,1,42.40239676
163,WLD2,site,ciliate oblong,ciliate oblong 20 64,20,64,NA,1,172.6881526
164,WLD2,IC,ciliate oblong,ciliate oblong 8 40,8,40,NA,3,17.74431676
165,WLD2,IC,ciliate oblong,ciliate oblong 12 56,12,56,NA,1,37.47212238
166,WLD2,FC,ciliate oblong,ciliate oblong 8 20,8,20,NA,6,35.63702365
167,WLD2,FC,ciliate oblong,ciliate oblong 8 72,8,72,NA,2,42.78105172
168,WLD2,FC,ciliate oblong,ciliate oblong 12 32,12,32,NA,3,63.54619781
169,WLD2,FC,ciliate oblong,ciliate oblong 16 32,16,32,NA,4,155.6083653
170,WLD2,FC,ciliate oblong,ciliate oblong 16 48,16,48,NA,4,222.1356205
171,WLD2,FC,ciliate oblong,ciliate oblong 40 72,40,72,NA,1,536.1662141
172,WLD2,T24,ciliate oblong,ciliate oblong 8 20,8,20,NA,1,5.671963606
173,WLD2,T24,ciliate oblong,ciliate oblong 12 32,12,32,NA,2,20.81695769
174,LSZ2,FC,ciliate oblong,ciliate oblong 40 56,40,56,NA,1,397.5527425
175,SJR2,IC,ciliate oblong,ciliate oblong 12 32,12,32,NA,1,21.41632974
176,YBP2,site,ciliate oblong,ciliate oblong 8 40,8,40,NA,1,20.4646211
177,YBP2,site,ciliate oblong,ciliate oblong 16 24,16,24,NA,11,512.6984119
178,YBP2,IC,ciliate oblong,ciliate oblong 16 48,16,48,NA,1,70.3530919
179,YBP2,IC,ciliate oblong,ciliate oblong 20 64,20,64,NA,1,144.8577753
180,YBP2,IC,ciliate oblong,ciliate oblong 72 80,72,80,NA,1,2646.28745
181,YBP2,IC,ciliate oblong,ciliate oblong 80 120,80,120,NA,1,4115.561784
182,YBP2,FC,ciliate oblong,ciliate oblong 16 24,16,24,NA,6,232.4717334
183,YBP2,FC,ciliate oblong,ciliate oblong 20 64,20,64,NA,1,191.0534006
184,YBP2,FC,ciliate oblong,ciliate oblong 40 56,40,56,NA,2,2181.880045
185,YBP2,FC,ciliate oblong,ciliate oblong 40 72,40,72,NA,1,839.2974156
186,YBP2,T24,ciliate oblong,ciliate oblong 16 24,16,24,NA,1,88.63118211
187,YBP1,FC,ciliate other,ciliate other 19.2 32,19.2,32,NA,2,107.7656849
188,WLD2,FC,ciliate other,ciliate other 32 40,32,40,NA,1,185.0410881
189,WLD2,T24,ciliate other,ciliate other 16 24,16,24,NA,2,52.51559966
190,SJR1,IC,ciliate other odd shape,ciliate other odd shape 32 136,32,136,NA,1,615.5862833
191,WLD2,FC,ciliate other odd shape,ciliate other odd shape 32 136,32,136,NA,1,646.2010326
192,YBP2,FC,ciliate other odd shape,ciliate other odd shape 32 136,32,136,NA,1,1011.542396
193,SJR1,site,ciliate round,ciliate round 14 14,14,14,NA,1,15.54661173
194,SJR1,site,ciliate round,ciliate round 24 24,24,24,NA,40,2877.904697
195,SJR1,site,ciliate round,ciliate round 36 36,36,36,NA,3,744.6601061
196,SJR1,IC,ciliate round,ciliate round 5.5 5.5,5.5,5.5,NA,6,1.590248887
197,SJR1,IC,ciliate round,ciliate round 9.5 9.5,9.5,9.5,NA,88,109.5488048
198,SJR1,IC,ciliate round,ciliate round 14 14,14,14,NA,75,289.8338143
199,SJR1,IC,ciliate round,ciliate round 24 24,24,24,NA,13,399.7778558
200,SJR1,IC,ciliate round,ciliate round 48 48,48,48,NA,1,439.0480927
201,SJR1,IC,ciliate round,ciliate round 56 56,56,56,NA,2,1529.734504
202,SJR1,FC,ciliate round,ciliate round 5.5 5.5,5.5,5.5,NA,112,30.39480666
203,SJR1,FC,ciliate round,ciliate round 9.5 9.5,9.5,9.5,NA,71,108.9046139
204,SJR1,FC,ciliate round,ciliate round 14 14,14,14,NA,186,862.9714516
205,SJR1,FC,ciliate round,ciliate round 24 24,24,24,NA,12,376.8280358
206,SJR1,FC,ciliate round,ciliate round 48 48,48,48,NA,1,487.4439283
207,SJR1,T24,ciliate round,ciliate round 5.5 5.5,5.5,5.5,NA,6,1.759375771
208,SJR1,T24,ciliate round,ciliate round 9.5 9.5,9.5,9.5,NA,24,34.09681335
209,SJR1,T24,ciliate round,ciliate round 14 14,14,14,NA,41,183.403583
210,SJR1,T24,ciliate round,ciliate round 24 24,24,24,NA,10,220.7426467
211,YBP1,site,ciliate round,ciliate round 9.5 9.5,9.5,9.5,NA,4,25.49650612
212,YBP1,site,ciliate round,ciliate round 14 14,14,14,NA,24,466.9940858
213,YBP1,site,ciliate round,ciliate round 24 24,24,24,NA,46,4348.613895
214,YBP1,site,ciliate round,ciliate round 56 56,56,56,NA,3,3613.698602
215,YBP1,IC,ciliate round,ciliate round 5.5 5.5,5.5,5.5,NA,9,2.378515041
216,YBP1,IC,ciliate round,ciliate round 9.5 9.5,9.5,9.5,NA,35,45.57544217
217,YBP1,IC,ciliate round,ciliate round 14 14,14,14,NA,26,106.8032472
218,YBP1,IC,ciliate round,ciliate round 24 24,24,24,NA,15,463.295905
219,YBP1,IC,ciliate round,ciliate round 40 40,40,40,NA,4,564.5267543
220,YBP1,IC,ciliate round,ciliate round 48 48,48,48,NA,1,492.8181722
221,YBP1,FC,ciliate round,ciliate round 5.5 5.5,5.5,5.5,NA,47,11.87109117
222,YBP1,FC,ciliate round,ciliate round 9.5 9.5,9.5,9.5,NA,199,245.1857022
223,YBP1,FC,ciliate round,ciliate round 14 14,14,14,NA,128,495.9910539
224,YBP1,FC,ciliate round,ciliate round 24 24,24,24,NA,15,444.0757773
225,YBP1,FC,ciliate round,ciliate round 36 36,36,36,NA,2,416.9472166
226,YBP1,FC,ciliate round,ciliate round 40 40,40,40,NA,1,275.4223922
227,YBP1,FC,ciliate round,ciliate round 48 48,48,48,NA,1,471.7829965
228,YBP1,T24,ciliate round,ciliate round 5.5 5.5,5.5,5.5,NA,24,6.153373993
229,YBP1,T24,ciliate round,ciliate round 9.5 9.5,9.5,9.5,NA,106,134.9416901
230,YBP1,T24,ciliate round,ciliate round 14 14,14,14,NA,56,224.5582372
231,YBP1,T24,ciliate round,ciliate round 24 24,24,24,NA,49,2782.643344
232,YBP1,T24,ciliate round,ciliate round 40 40,40,40,NA,6,839.3192062
233,WLD2,site,ciliate round,ciliate round 5.5 5.5,5.5,5.5,NA,1,1.216480291
234,WLD2,site,ciliate round,ciliate round 9.5 9.5,9.5,9.5,NA,1,6.106530078
235,WLD2,site,ciliate round,ciliate round 14 14,14,14,NA,2,37.94354421
236,WLD2,site,ciliate round,ciliate round 24 24,24,24,NA,18,1618.550105
237,WLD2,site,ciliate round,ciliate round 48 48,48,48,NA,1,728.749971
238,WLD2,IC,ciliate round,ciliate round 5.5 5.5,5.5,5.5,NA,8,2.126274951
239,WLD2,IC,ciliate round,ciliate round 9.5 9.5,9.5,9.5,NA,54,69.16551761
240,WLD2,IC,ciliate round,ciliate round 14 14,14,14,NA,35,143.5022775
241,WLD2,IC,ciliate round,ciliate round 24 24,24,24,NA,15,306.2832123
242,WLD2,IC,ciliate round,ciliate round 36 36,36,36,NA,1,200.4805178
243,WLD2,IC,ciliate round,ciliate round 40 40,40,40,NA,3,425.8930051
244,WLD2,FC,ciliate round,ciliate round 5.5 5.5,5.5,5.5,NA,71,18.66163838
245,WLD2,FC,ciliate round,ciliate round 9.5 9.5,9.5,9.5,NA,144,188.9136851
246,WLD2,FC,ciliate round,ciliate round 14 14,14,14,NA,72,301.2500302
247,WLD2,FC,ciliate round,ciliate round 24 24,24,24,NA,25,785.4547993
248,WLD2,FC,ciliate round,ciliate round 40 40,40,40,NA,3,441.3784413
249,WLD2,FC,ciliate round,ciliate round 48 48,48,48,NA,1,515.0558654
250,WLD2,T24,ciliate round,ciliate round 5.5 5.5,5.5,5.5,NA,24,6.140690284
251,WLD2,T24,ciliate round,ciliate round 9.5 9.5,9.5,9.5,NA,75,93.34531706
252,WLD2,T24,ciliate round,ciliate round 14 14,14,14,NA,20,79.76192204
253,WLD2,T24,ciliate round,ciliate round 40 40,40,40,NA,1,266.391228
254,LSZ2,site,ciliate round,ciliate round 14 14,14,14,NA,10,174.6227388
255,LSZ2,site,ciliate round,ciliate round 24 24,24,24,NA,12,1025.719863
256,LSZ2,IC,ciliate round,ciliate round 5.5 5.5,5.5,5.5,NA,7,1.828545453
257,LSZ2,IC,ciliate round,ciliate round 9.5 9.5,9.5,9.5,NA,15,19.12723109
258,LSZ2,IC,ciliate round,ciliate round 14 14,14,14,NA,17,68.53918269
259,LSZ2,IC,ciliate round,ciliate round 24 24,24,24,NA,2,124.4584214
260,LSZ2,FC,ciliate round,ciliate round 5.5 5.5,5.5,5.5,NA,5,2.006589209
261,LSZ2,FC,ciliate round,ciliate round 9.5 9.5,9.5,9.5,NA,76,98.38039081
262,LSZ2,FC,ciliate round,ciliate round 14 14,14,14,NA,54,221.1572613
263,LSZ2,FC,ciliate round,ciliate round 24 24,24,24,NA,18,546.9633568
264,LSZ2,T24,ciliate round,ciliate round 5.5 5.5,5.5,5.5,NA,3,1.227951296
265,LSZ2,T24,ciliate round,ciliate round 9.5 9.5,9.5,9.5,NA,25,33.35694069
266,LSZ2,T24,ciliate round,ciliate round 14 14,14,14,NA,17,70.98881128
267,LSZ2,T24,ciliate round,ciliate round 24 24,24,24,NA,3,192.3705621
268,LSZ2,T24,ciliate round,ciliate round 40 40,40,40,NA,4,1153.389092
269,LSZ2,T24,ciliate round,ciliate round 48 48,48,48,NA,3,1441.567955
270,SJR2,site,ciliate round,ciliate round 14 14,14,14,NA,3,54.1867229
271,SJR2,site,ciliate round,ciliate round 24 24,24,24,NA,4,353.0581389
272,SJR2,IC,ciliate round,ciliate round 5.5 5.5,5.5,5.5,NA,1,0.811904626
273,SJR2,IC,ciliate round,ciliate round 9.5 9.5,9.5,9.5,NA,25,32.86631806
274,SJR2,IC,ciliate round,ciliate round 14 14,14,14,NA,28,115.3676192
275,SJR2,IC,ciliate round,ciliate round 40 40,40,40,NA,5,698.6183493
276,SJR2,FC,ciliate round,ciliate round 5.5 5.5,5.5,5.5,NA,9,2.398935056
277,SJR2,FC,ciliate round,ciliate round 9.5 9.5,9.5,9.5,NA,52,67.74240187
278,SJR2,FC,ciliate round,ciliate round 14 14,14,14,NA,69,281.0956319
279,SJR2,FC,ciliate round,ciliate round 24 24,24,24,NA,309,9002.393842
280,SJR2,FC,ciliate round,ciliate round 40 40,40,40,NA,3,841.5735574
281,SJR2,T24,ciliate round,ciliate round 5.5 5.5,5.5,5.5,NA,5,2.001969123
282,SJR2,T24,ciliate round,ciliate round 9.5 9.5,9.5,9.5,NA,23,30.3097112
283,SJR2,T24,ciliate round,ciliate round 14 14,14,14,NA,8,33.60591902
284,SJR2,T24,ciliate round,ciliate round 24 24,24,24,NA,69,2049.756096
285,SJR2,T24,ciliate round,ciliate round 40 40,40,40,NA,2,284.8760942
286,YBP2,site,ciliate round,ciliate round 14 14,14,14,NA,7,148.6763926
287,YBP2,site,ciliate round,ciliate round 24 24,24,24,NA,79,7923.995599
288,YBP2,IC,ciliate round,ciliate round 5.5 5.5,5.5,5.5,NA,44,14.68643975
289,YBP2,IC,ciliate round,ciliate round 9.5 9.5,9.5,9.5,NA,64,109.9363468
290,YBP2,IC,ciliate round,ciliate round 14 14,14,14,NA,84,454.1509979
291,YBP2,IC,ciliate round,ciliate round 24 24,24,24,NA,109,9418.405323
292,YBP2,IC,ciliate round,ciliate round 40 40,40,40,NA,2,388.8231307
293,YBP2,IC,ciliate round,ciliate round 48 48,48,48,NA,3,1792.156027
294,YBP2,IC,ciliate round,ciliate round 120 120,120,120,NA,2,17981.29324
295,YBP2,FC,ciliate round,ciliate round 5.5 5.5,5.5,5.5,NA,4,3.11617731
296,YBP2,FC,ciliate round,ciliate round 9.5 9.5,9.5,9.5,NA,146,444.4838741
297,YBP2,FC,ciliate round,ciliate round 14 14,14,14,NA,80,733.7174965
298,YBP2,FC,ciliate round,ciliate round 24 24,24,24,NA,134,7941.31887
299,YBP2,FC,ciliate round,ciliate round 36 36,36,36,NA,1,344.8669917
300,YBP2,FC,ciliate round,ciliate round 40 40,40,40,NA,9,4855.18021
301,YBP2,FC,ciliate round,ciliate round 120 120,120,120,NA,9,76919.08114
302,YBP2,T24,ciliate round,ciliate round 5.5 5.5,5.5,5.5,NA,19,24.44735614
303,YBP2,T24,ciliate round,ciliate round 9.5 9.5,9.5,9.5,NA,14,54.64927693
304,YBP2,T24,ciliate round,ciliate round 14 14,14,14,NA,28,428.9388783
305,YBP2,T24,ciliate round,ciliate round 24 24,24,24,NA,12,1112.319643
306,YBP2,T24,ciliate round,ciliate round 40 40,40,40,NA,21,17786.70223
307,YBP2,T24,ciliate round,ciliate round 48 48,48,48,NA,1,1443.10093
308,SJR1,IC,cyanobacteria aphanizomenon,cyanobacteria aphanizomenon 6 72,6,72,NA,1,16.21387248
309,SJR1,IC,cyanobacteria aphanizomenon,cyanobacteria aphanizomenon 8 80,8,80,NA,16,457.5343203
310,SJR1,FC,cyanobacteria aphanizomenon,cyanobacteria aphanizomenon 8 80,8,80,NA,3,95.24397644
311,SJR1,FC,cyanobacteria aphanizomenon,cyanobacteria aphanizomenon 8 120,8,120,NA,6,317.4799215
312,SJR1,T24,cyanobacteria aphanizomenon,cyanobacteria aphanizomenon 4 80,4,80,NA,10,80.33363355
313,SJR1,T24,cyanobacteria aphanizomenon,cyanobacteria aphanizomenon 4 128,4,128,NA,8,57.69218221
314,YBP1,site,cyanobacteria aphanizomenon,cyanobacteria aphanizomenon 4 128,4,128,NA,3,60.7869755
315,YBP1,site,cyanobacteria aphanizomenon,cyanobacteria aphanizomenon 8 32,8,32,NA,16,324.1972027
316,YBP1,IC,cyanobacteria aphanizomenon,cyanobacteria aphanizomenon 4 80,4,80,NA,2,15.51728467
317,YBP1,IC,cyanobacteria aphanizomenon,cyanobacteria aphanizomenon 6 160,6,160,NA,3,108.6903398
318,YBP1,IC,cyanobacteria aphanizomenon,cyanobacteria aphanizomenon 8 80,8,80,NA,35,372.2796164
319,YBP1,FC,cyanobacteria aphanizomenon,cyanobacteria aphanizomenon 8 80,8,80,NA,17,545.6664273
320,YBP1,FC,cyanobacteria aphanizomenon,cyanobacteria aphanizomenon 8 320,8,320,NA,1,122.9118838
321,YBP1,T24,cyanobacteria aphanizomenon,cyanobacteria aphanizomenon 4 80,4,80,NA,5,39.94636224
322,YBP1,T24,cyanobacteria aphanizomenon,cyanobacteria aphanizomenon 4 128,4,128,NA,1,12.68536331
323,WLD2,site,cyanobacteria aphanizomenon,cyanobacteria aphanizomenon 4 72,4,72,NA,5,53.39771488
324,WLD2,IC,cyanobacteria aphanizomenon,cyanobacteria aphanizomenon 8 80,8,80,NA,106,1116.847239
325,WLD2,FC,cyanobacteria aphanizomenon,cyanobacteria aphanizomenon 8 80,8,80,NA,148,1608.880561
326,WLD2,T24,cyanobacteria aphanizomenon,cyanobacteria aphanizomenon 8 80,8,80,NA,41,619.8624892
327,LSZ2,IC,cyanobacteria aphanizomenon,cyanobacteria aphanizomenon 4 80,4,80,NA,10,79.2835207
328,LSZ2,FC,cyanobacteria aphanizomenon,cyanobacteria aphanizomenon 8 80,8,80,NA,12,380.9759058
329,LSZ2,T24,cyanobacteria aphanizomenon,cyanobacteria aphanizomenon 4 80,4,80,NA,11,90.45157628
330,LSZ2,T24,cyanobacteria aphanizomenon,cyanobacteria aphanizomenon 8 80,8,80,NA,5,159.0869333
331,LSZ2,T24,cyanobacteria aphanizomenon,cyanobacteria aphanizomenon 8 120,8,120,NA,1,47.77829672
332,SJR2,IC,cyanobacteria aphanizomenon,cyanobacteria aphanizomenon 8 80,8,80,NA,80,846.7770581
333,SJR2,FC,cyanobacteria aphanizomenon,cyanobacteria aphanizomenon 4 56,4,56,NA,14,77.95259733
334,SJR2,FC,cyanobacteria aphanizomenon,cyanobacteria aphanizomenon 8 80,8,80,NA,30,955.5659344
335,SJR2,FC,cyanobacteria aphanizomenon,cyanobacteria aphanizomenon 8 120,8,120,NA,64,3044.487195
336,SJR2,T24,cyanobacteria aphanizomenon,cyanobacteria aphanizomenon 8 80,8,80,NA,28,296.5003502
337,YBP2,site,cyanobacteria aphanizomenon,cyanobacteria aphanizomenon 6 160,6,160,NA,44,2683.592152
338,YBP2,IC,cyanobacteria aphanizomenon,cyanobacteria aphanizomenon 8 80,8,80,NA,415,5773.601557
339,YBP2,FC,cyanobacteria aphanizomenon,cyanobacteria aphanizomenon 4 56,4,56,NA,123,1130.330739
340,YBP2,FC,cyanobacteria aphanizomenon,cyanobacteria aphanizomenon 8 32,8,32,NA,143,5055.429215
341,YBP2,FC,cyanobacteria aphanizomenon,cyanobacteria aphanizomenon 8 80,8,80,NA,7,1114.826923
342,YBP2,T24,cyanobacteria aphanizomenon,cyanobacteria aphanizomenon 8 80,8,80,NA,105,5083.350124
343,YBP2,T24,cyanobacteria aphanizomenon,cyanobacteria aphanizomenon 8 120,8,120,NA,130,10262.14247
344,YBP2,T24,cyanobacteria aphanizomenon,cyanobacteria aphanizomenon 8 320,8,320,NA,4,1503.863049
345,SJR1,site,cyanobacteria dolichospermum,cyanobacteria dolichospermum 4 48,4,48,NA,1,5.769959727
346,SJR1,IC,cyanobacteria dolichospermum,cyanobacteria dolichospermum 4 80,4,80,NA,15,119.8390867
347,SJR1,IC,cyanobacteria dolichospermum,cyanobacteria dolichospermum 8 40,8,40,NA,1,15.9785449
348,SJR1,T24,cyanobacteria dolichospermum,cyanobacteria dolichospermum 6 40,6,40,NA,1,10.14673045
349,SJR1,T24,cyanobacteria dolichospermum,cyanobacteria dolichospermum 8 40,8,40,NA,11,176.7339938
350,YBP1,site,cyanobacteria dolichospermum,cyanobacteria dolichospermum 4 16,4,16,NA,7,17.72953452
351,YBP1,site,cyanobacteria dolichospermum,cyanobacteria dolichospermum 8 144,8,144,NA,4,364.721853
352,YBP1,IC,cyanobacteria dolichospermum,cyanobacteria dolichospermum 4 48,4,48,NA,3,14.49204531
353,YBP1,IC,cyanobacteria dolichospermum,cyanobacteria dolichospermum 4 64,4,64,NA,13,83.45486536
354,YBP1,IC,cyanobacteria dolichospermum,cyanobacteria dolichospermum 6 200,6,200,NA,6,261.8541787
355,YBP1,FC,cyanobacteria dolichospermum,cyanobacteria dolichospermum 4 80,4,80,NA,1,7.681992738
356,YBP1,FC,cyanobacteria dolichospermum,cyanobacteria dolichospermum 4 160,4,160,NA,1,16.04901257
357,YBP1,FC,cyanobacteria dolichospermum,cyanobacteria dolichospermum 6 56,6,56,NA,3,34.68654031
358,YBP1,T24,cyanobacteria dolichospermum,cyanobacteria dolichospermum 4 48,4,48,NA,3,14.38069041
359,WLD2,site,cyanobacteria dolichospermum,cyanobacteria dolichospermum 4 80,4,80,NA,1,11.86615886
360,WLD2,site,cyanobacteria dolichospermum,cyanobacteria dolichospermum 6 56,6,56,NA,2,37.37840042
361,WLD2,IC,cyanobacteria dolichospermum,cyanobacteria dolichospermum 4 80,4,80,NA,9,72.22055656
362,WLD2,FC,cyanobacteria dolichospermum,cyanobacteria dolichospermum 4 64,4,64,NA,3,20.12784071
363,WLD2,FC,cyanobacteria dolichospermum,cyanobacteria dolichospermum 6 200,6,200,NA,2,90.07706931
364,WLD2,FC,cyanobacteria dolichospermum,cyanobacteria dolichospermum 8 40,8,40,NA,1,16.06672671
365,WLD2,T24,cyanobacteria dolichospermum,cyanobacteria dolichospermum 4 240,4,240,NA,1,23.17316353
366,SJR2,IC,cyanobacteria dolichospermum,cyanobacteria dolichospermum 8 80,8,80,NA,28,890.8868267
367,SJR2,FC,cyanobacteria dolichospermum,cyanobacteria dolichospermum 6 64,6,64,NA,5,71.58912
368,SJR2,FC,cyanobacteria dolichospermum,cyanobacteria dolichospermum 8 80,8,80,NA,10,318.5219781
369,SJR2,T24,cyanobacteria dolichospermum,cyanobacteria dolichospermum 6 80,6,80,NA,9,160.7242103
370,YBP2,site,cyanobacteria dolichospermum,cyanobacteria dolichospermum 6 80,6,80,NA,11,335.449019
371,YBP2,IC,cyanobacteria dolichospermum,cyanobacteria dolichospermum 4 40,4,40,NA,76,376.1869336
372,YBP2,IC,cyanobacteria dolichospermum,cyanobacteria dolichospermum 4 120,4,120,NA,28,492.9139938
373,YBP2,IC,cyanobacteria dolichospermum,cyanobacteria dolichospermum 8 80,8,80,NA,16,637.0439562
374,YBP2,FC,cyanobacteria dolichospermum,cyanobacteria dolichospermum 4 40,4,40,NA,22,144.4092698
375,YBP2,FC,cyanobacteria dolichospermum,cyanobacteria dolichospermum 4 64,4,64,NA,123,1291.806559
376,YBP2,FC,cyanobacteria dolichospermum,cyanobacteria dolichospermum 8 80,8,80,NA,1,88.38162963
377,YBP2,FC,cyanobacteria dolichospermum,cyanobacteria dolichospermum 8 144,8,144,NA,2,573.3395606
378,YBP2,T24,cyanobacteria dolichospermum,cyanobacteria dolichospermum 6 200,6,200,NA,5,370.0291757
379,YBP1,FC,cyanobacteria NA,cyanobacteria NA 4 24,4,24,NA,11,25.35057604
380,YBP1,T24,cyanobacteria NA,cyanobacteria NA 4 50,4,50,NA,1,4.759450071
381,SJR1,site,cyanobacteria other,cyanobacteria other 8 72,8,72,NA,15,519.2963755
382,WLD2,site,cyanobacteria other,cyanobacteria other 4 64,4,64,NA,1,9.49292709
383,WLD2,site,cyanobacteria other,cyanobacteria other 4 128,4,128,NA,11,208.844396
384,WLD2,IC,cyanobacteria other,cyanobacteria other 1.6 80,1.6,80,NA,1,1.272695467
385,WLD2,IC,cyanobacteria other,cyanobacteria other 4 80,4,80,NA,42,337.0292639
386,WLD2,IC,cyanobacteria other,cyanobacteria other 4 96,4,96,NA,11,100.7388212
387,WLD2,IC,cyanobacteria other,cyanobacteria other 6 80,6,80,NA,14,250.56192
388,WLD2,IC,cyanobacteria other,cyanobacteria other 8 72,8,72,NA,1,27.47422397
389,WLD2,FC,cyanobacteria other,cyanobacteria other 6 80,6,80,NA,13,119.2362821
390,SJR2,site,cyanobacteria other,cyanobacteria other 8 168,8,168,NA,8,764.1183412
391,YBP2,site,cyanobacteria other,cyanobacteria other 8 40,8,40,NA,3,81.3209743
392,YBP2,IC,cyanobacteria other,cyanobacteria other 4 128,4,128,NA,1,18.77767595
393,YBP2,FC,cyanobacteria other,cyanobacteria other 4 128,4,128,NA,1,35.35265185
394,YBP2,FC,cyanobacteria other,cyanobacteria other 8 168,8,168,NA,23,2241.300197
395,YBP2,T24,cyanobacteria other,cyanobacteria other 8 72,8,72,NA,1,89.29122792
396,SJR1,site,diatom centric,diatom centric 5.5 5.5,5.5,5.5,NA,14,4.627240419
397,SJR1,site,diatom centric,diatom centric 9.5 9.5,9.5,9.5,NA,7,10.65269614
398,SJR1,site,diatom centric,diatom centric 24.5 24.5,24.5,24.5,NA,791,8388.110057
399,SJR1,IC,diatom centric,diatom centric 5.5 5.5,5.5,5.5,NA,196,14.45964843
400,SJR1,IC,diatom centric,diatom centric 9.5 9.5,9.5,9.5,NA,748,200.3018199
401,SJR1,IC,diatom centric,diatom centric 14 14,14,14,NA,17,19.65460636
402,SJR1,IC,diatom centric,diatom centric 24.5 24.5,24.5,24.5,NA,1700,4922.22272
403,SJR1,IC,diatom centric,diatom centric 48 48,48,48,NA,4,391.9045572
404,SJR1,FC,diatom centric,diatom centric 5.5 5.5,5.5,5.5,NA,385,30.20175037
405,SJR1,FC,diatom centric,diatom centric 9.5 9.5,9.5,9.5,NA,744,214.6372545
406,SJR1,FC,diatom centric,diatom centric 14 14,14,14,NA,93,104.0916381
407,SJR1,FC,diatom centric,diatom centric 24.5 24.5,24.5,24.5,NA,871,3459.833078
408,SJR1,FC,diatom centric,diatom centric 48 48,48,48,NA,3,335.0127415
409,SJR1,T24,diatom centric,diatom centric 5.5 5.5,5.5,5.5,NA,223,17.5784631
410,SJR1,T24,diatom centric,diatom centric 9.5 9.5,9.5,9.5,NA,244,83.38623568
411,SJR1,T24,diatom centric,diatom centric 14 14,14,14,NA,33,39.4708458
412,SJR1,T24,diatom centric,diatom centric 24.5 24.5,24.5,24.5,NA,376,1465.171
413,SJR1,T24,diatom centric,diatom centric 40 40,40,40,NA,1,71.60199345
414,YBP1,site,diatom centric,diatom centric 5.5 5.5,5.5,5.5,NA,26,10.51290044
415,YBP1,site,diatom centric,diatom centric 9.5 9.5,9.5,9.5,NA,2,4.652467612
416,YBP1,site,diatom centric,diatom centric 14 14,14,14,NA,5,29.0644036
417,YBP1,site,diatom centric,diatom centric 24.5 24.5,24.5,24.5,NA,28,581.921804
418,YBP1,IC,diatom centric,diatom centric 5.5 5.5,5.5,5.5,NA,34,3.168282865
419,YBP1,IC,diatom centric,diatom centric 9.5 9.5,9.5,9.5,NA,16,6.718262419
420,YBP1,IC,diatom centric,diatom centric 14 14,14,14,NA,17,28.49256868
421,YBP1,IC,diatom centric,diatom centric 24.5 24.5,24.5,24.5,NA,39,185.4601916
422,YBP1,FC,diatom centric,diatom centric 5.5 5.5,5.5,5.5,NA,56,4.728593296
423,YBP1,FC,diatom centric,diatom centric 9.5 9.5,9.5,9.5,NA,21,8.150416195
424,YBP1,FC,diatom centric,diatom centric 14 14,14,14,NA,14,23.1877873
425,YBP1,FC,diatom centric,diatom centric 24.5 24.5,24.5,24.5,NA,40,183.7895182
426,YBP1,T24,diatom centric,diatom centric 5.5 5.5,5.5,5.5,NA,52,4.553183715
427,YBP1,T24,diatom centric,diatom centric 9.5 9.5,9.5,9.5,NA,8,3.596076278
428,YBP1,T24,diatom centric,diatom centric 14 14,14,14,NA,5,9.38265382
429,YBP1,T24,diatom centric,diatom centric 24.5 24.5,24.5,24.5,NA,3,48.9068498
430,WLD2,site,diatom centric,diatom centric 9.5 9.5,9.5,9.5,NA,3,6.231041132
431,WLD2,site,diatom centric,diatom centric 24.5 24.5,24.5,24.5,NA,14,296.0724955
432,WLD2,IC,diatom centric,diatom centric 5.5 5.5,5.5,5.5,NA,50,4.402800051
433,WLD2,IC,diatom centric,diatom centric 9.5 9.5,9.5,9.5,NA,25,10.17093545
434,WLD2,IC,diatom centric,diatom centric 14 14,14,14,NA,10,18.14863776
435,WLD2,IC,diatom centric,diatom centric 24.5 24.5,24.5,24.5,NA,10,79.01509306
436,WLD2,FC,diatom centric,diatom centric 5.5 5.5,5.5,5.5,NA,32,3.041167689
437,WLD2,FC,diatom centric,diatom centric 9.5 9.5,9.5,9.5,NA,11,7.325058068
438,WLD2,FC,diatom centric,diatom centric 14 14,14,14,NA,5,10.23482721
439,WLD2,FC,diatom centric,diatom centric 24.5 24.5,24.5,24.5,NA,24,123.0865427
440,WLD2,T24,diatom centric,diatom centric 5.5 5.5,5.5,5.5,NA,54,4.40414562
441,WLD2,T24,diatom centric,diatom centric 9.5 9.5,9.5,9.5,NA,15,6.322261704
442,WLD2,T24,diatom centric,diatom centric 14 14,14,14,NA,1,4.130419001
443,WLD2,T24,diatom centric,diatom centric 24.5 24.5,24.5,24.5,NA,7,58.04203328
444,LSZ2,site,diatom centric,diatom centric 9.5 9.5,9.5,9.5,NA,100,129.2388869
445,LSZ2,IC,diatom centric,diatom centric 5.5 5.5,5.5,5.5,NA,249,17.33989708
446,LSZ2,IC,diatom centric,diatom centric 9.5 9.5,9.5,9.5,NA,1024,260.9916991
447,LSZ2,IC,diatom centric,diatom centric 14 14,14,14,NA,107,98.60297195
448,LSZ2,IC,diatom centric,diatom centric 24.5 24.5,24.5,24.5,NA,1956,5685.049489
449,LSZ2,FC,diatom centric,diatom centric 5.5 5.5,5.5,5.5,NA,338,34.33227455
450,LSZ2,FC,diatom centric,diatom centric 9.5 9.5,9.5,9.5,NA,1028,270.0627825
451,LSZ2,FC,diatom centric,diatom centric 14 14,14,14,NA,138,127.8585648
452,LSZ2,FC,diatom centric,diatom centric 24.5 24.5,24.5,24.5,NA,1897,5687.730292
453,LSZ2,FC,diatom centric,diatom centric 40 40,40,40,NA,12,631.6007737
454,LSZ2,T24,diatom centric,diatom centric 5.5 5.5,5.5,5.5,NA,136,10.90813484
455,LSZ2,T24,diatom centric,diatom centric 9.5 9.5,9.5,9.5,NA,203,65.29480072
456,LSZ2,T24,diatom centric,diatom centric 14 14,14,14,NA,49,51.33114427
457,LSZ2,T24,diatom centric,diatom centric 24.5 24.5,24.5,24.5,NA,347,1275.832084
458,SJR2,site,diatom centric,diatom centric 5.5 5.5,5.5,5.5,NA,162,47.30813341
459,SJR2,site,diatom centric,diatom centric 9.5 9.5,9.5,9.5,NA,61,84.83470816
460,SJR2,site,diatom centric,diatom centric 14 14,14,14,NA,46,184.3658775
461,SJR2,site,diatom centric,diatom centric 24.5 24.5,24.5,24.5,NA,30,555.2445228
462,SJR2,IC,diatom centric,diatom centric 5.5 5.5,5.5,5.5,NA,427,29.3662157
463,SJR2,IC,diatom centric,diatom centric 9.5 9.5,9.5,9.5,NA,134,44.88087409
464,SJR2,IC,diatom centric,diatom centric 14 14,14,14,NA,56,57.82562241
465,SJR2,IC,diatom centric,diatom centric 24.5 24.5,24.5,24.5,NA,78,340.7675419
466,SJR2,IC,diatom centric,diatom centric 40 40,40,40,NA,2,130.5688693
467,SJR2,FC,diatom centric,diatom centric 5.5 5.5,5.5,5.5,NA,381,26.50609924
468,SJR2,FC,diatom centric,diatom centric 9.5 9.5,9.5,9.5,NA,172,56.04872833
469,SJR2,FC,diatom centric,diatom centric 14 14,14,14,NA,70,70.86491396
470,SJR2,FC,diatom centric,diatom centric 24.5 24.5,24.5,24.5,NA,50,231.022948
471,SJR2,T24,diatom centric,diatom centric 5.5 5.5,5.5,5.5,NA,201,15.12828948
472,SJR2,T24,diatom centric,diatom centric 9.5 9.5,9.5,9.5,NA,37,14.29361313
473,SJR2,T24,diatom centric,diatom centric 14 14,14,14,NA,17,20.03640692
474,SJR2,T24,diatom centric,diatom centric 24.5 24.5,24.5,24.5,NA,4,35.62377798
475,SJR2,T24,diatom centric,diatom centric 32 32,32,32,NA,1,39.30963875
476,YBP2,site,diatom centric,diatom centric 5.5 5.5,5.5,5.5,NA,25,10.86921562
477,YBP2,site,diatom centric,diatom centric 9.5 9.5,9.5,9.5,NA,7,15.0137552
478,YBP2,site,diatom centric,diatom centric 14 14,14,14,NA,7,41.83909096
479,YBP2,site,diatom centric,diatom centric 24.5 24.5,24.5,24.5,NA,46,964.4730108
480,YBP2,IC,diatom centric,diatom centric 5.5 5.5,5.5,5.5,NA,336,31.57500822
481,YBP2,IC,diatom centric,diatom centric 9.5 9.5,9.5,9.5,NA,331,133.3498714
482,YBP2,IC,diatom centric,diatom centric 14 14,14,14,NA,70,137.3023725
483,YBP2,IC,diatom centric,diatom centric 24.5 24.5,24.5,24.5,NA,58,512.6993544
484,YBP2,IC,diatom centric,diatom centric 40 40,40,40,NA,40,2287.873357
485,YBP2,FC,diatom centric,diatom centric 5.5 5.5,5.5,5.5,NA,319,66.39854367
486,YBP2,FC,diatom centric,diatom centric 9.5 9.5,9.5,9.5,NA,234,203.6929482
487,YBP2,FC,diatom centric,diatom centric 14 14,14,14,NA,110,298.6069941
488,YBP2,FC,diatom centric,diatom centric 24.5 24.5,24.5,24.5,NA,37,551.3300005
489,YBP2,T24,diatom centric,diatom centric 5.5 5.5,5.5,5.5,NA,107,27.55676289
490,YBP2,T24,diatom centric,diatom centric 9.5 9.5,9.5,9.5,NA,52,42.00780806
491,YBP2,T24,diatom centric,diatom centric 14 14,14,14,NA,13,53.72852307
492,YBP2,T24,diatom centric,diatom centric 24.5 24.5,24.5,24.5,NA,21,265.2282175
493,SJR1,IC,diatom chain,diatom chain 8 200,8,200,NA,1,15.43401193
494,SJR1,IC,diatom chain,diatom chain 16 160,16,160,NA,1,48.05952691
495,SJR1,IC,diatom chain,diatom chain 24 64,24,64,NA,1,39.19255832
496,YBP1,site,diatom chain,diatom chain 6 176,6,176,NA,3,38.73427508
497,YBP1,site,diatom chain,diatom chain 8 160,8,160,8,1,27.7884168
498,YBP1,IC,diatom chain,diatom chain 4 104,4,104,NA,1,2.871028765
499,YBP1,FC,diatom chain,diatom chain 16 240,16,240,NA,2,116.245261
500,YBP1,FC,diatom chain,diatom chain 24 64,24,64,NA,2,77.56061231
501,WLD2,site,diatom chain,diatom chain 12 128,12,128,NA,1,35.32341167
502,WLD2,IC,diatom chain,diatom chain 4 32,4,32,NA,1,1.016408534
503,WLD2,IC,diatom chain,diatom chain 4 64,4,64,NA,2,3.417191741
504,WLD2,IC,diatom chain,diatom chain 16 240,16,240,NA,1,68.99648725
505,WLD2,FC,diatom chain,diatom chain 4 104,4,104,NA,1,2.86471187
506,WLD2,FC,diatom chain,diatom chain 8 80,8,80,NA,2,14.20100671
507,WLD2,FC,diatom chain,diatom chain 8 120,8,120,NA,1,11.02168782
508,LSZ2,site,diatom chain,diatom chain 8 120,8,120,NA,1,15.4266972
509,LSZ2,site,diatom chain,diatom chain 8 256,8,256,NA,1,30.07278758
510,LSZ2,IC,diatom chain,diatom chain 4 160,4,160,NA,6,18.52954429
511,LSZ2,IC,diatom chain,diatom chain 8 144,8,144,NA,10,97.43791574
512,LSZ2,IC,diatom chain,diatom chain 8 200,8,200,NA,10,68.29391128
513,LSZ2,FC,diatom chain,diatom chain 4 64,4,64,NA,3,4.900405324
514,LSZ2,FC,diatom chain,diatom chain 6 248,6,248,NA,1,12.47538199
515,LSZ2,FC,diatom chain,diatom chain 8 120,8,120,NA,6,53.25598262
516,LSZ2,FC,diatom chain,diatom chain 8 160,8,160,8,14,66.30894837
517,LSZ2,FC,diatom chain,diatom chain 8 408,8,408,NA,1,32.21801053
518,LSZ2,FC,diatom chain,diatom chain 12 128,12,128,NA,1,23.62700957
519,LSZ2,T24,diatom chain,diatom chain 8 136,8,136,8,2,27.85636989
520,SJR2,site,diatom chain,diatom chain 4 64,4,64,NA,1,2.652459482
521,SJR2,site,diatom chain,diatom chain 6 248,6,248,NA,1,17.87264918
522,SJR2,site,diatom chain,diatom chain 32 1400,32,1400,NA,1,1568.14984
523,SJR2,IC,diatom chain,diatom chain 8 136,8,136,8,3,39.81630181
524,SJR2,IC,diatom chain,diatom chain 8 160,8,160,8,4,59.06981784
525,SJR2,FC,diatom chain,diatom chain 8 80,8,80,NA,1,7.668835005
526,YBP2,site,diatom chain,diatom chain 4 20,4,20,NA,3,2.986863837
527,YBP2,site,diatom chain,diatom chain 4 32,4,32,NA,105,103.6022236
528,YBP2,site,diatom chain,diatom chain 8 80,8,80,NA,4,44.27067629
529,YBP2,site,diatom chain,diatom chain 16 160,16,160,NA,14,833.8009431
530,YBP2,site,diatom chain,diatom chain 16 240,16,240,NA,1,116.5359664
531,YBP2,site,diatom chain,diatom chain 24 64,24,64,NA,4,252.014823
532,YBP2,IC,diatom chain,diatom chain 4 160,4,160,NA,49,159.6340058
533,YBP2,IC,diatom chain,diatom chain 8 256,8,256,NA,26,276.4209254
534,YBP2,IC,diatom chain,diatom chain 16 240,16,240,NA,11,275.844173
535,YBP2,FC,diatom chain,diatom chain 4 20,4,20,NA,7,6.103149898
536,YBP2,FC,diatom chain,diatom chain 6 176,6,176,NA,58,545.7135764
537,YBP2,FC,diatom chain,diatom chain 8 160,8,160,8,29,500.2588021
538,YBP2,FC,diatom chain,diatom chain 16 160,16,160,NA,1,78.97227455
539,YBP2,T24,diatom chain,diatom chain 4 160,4,160,NA,1,12.97026501
540,YBP2,T24,diatom chain,diatom chain 8 80,8,80,NA,2,41.6759705
541,YBP2,T24,diatom chain,diatom chain 8 256,8,256,NA,3,92.93394532
542,YBP2,T24,diatom chain,diatom chain 16 160,16,160,NA,1,79.143581
543,YBP1,site,diatom cylindrotheca pennate,diatom cylindrotheca pennate 16 48,16,48,NA,9,127.8605695
544,YBP1,FC,diatom cylindrotheca pennate,diatom cylindrotheca pennate 8 72,8,72,NA,12,40.24566264
545,YBP1,T24,diatom cylindrotheca pennate,diatom cylindrotheca pennate 8 72,8,72,NA,6,23.60127209
546,YBP2,IC,diatom cylindrotheca pennate,diatom cylindrotheca pennate 8 72,8,72,NA,42,66.53053226
547,YBP2,FC,diatom cylindrotheca pennate,diatom cylindrotheca pennate 8 72,8,72,NA,76,238.1885626
548,YBP2,T24,diatom cylindrotheca pennate,diatom cylindrotheca pennate 8 72,8,72,NA,14,52.22026944
549,YBP1,site,diatom egg shaped,diatom egg shaped 32 48,32,48,NA,5,258.3785222
550,YBP1,FC,diatom egg shaped,diatom egg shaped 16 32,16,32,NA,1,7.830999189
551,YBP1,FC,diatom egg shaped,diatom egg shaped 32 48,32,48,NA,1,36.27886656
552,WLD2,site,diatom egg shaped,diatom egg shaped 16 32,16,32,NA,1,12.09632495
553,WLD2,FC,diatom egg shaped,diatom egg shaped 32 80,32,80,NA,1,62.26452762
554,YBP2,site,diatom egg shaped,diatom egg shaped 16 32,16,32,NA,1,13.81639082
555,YBP2,site,diatom egg shaped,diatom egg shaped 32 80,32,80,NA,4,356.2947819
556,YBP2,IC,diatom egg shaped,diatom egg shaped 16 32,16,32,NA,1,10.1468844
557,YBP2,IC,diatom egg shaped,diatom egg shaped 32 48,32,48,NA,7,163.0998309
558,YBP2,IC,diatom egg shaped,diatom egg shaped 32 80,32,80,NA,3,201.9794672
559,YBP2,FC,diatom egg shaped,diatom egg shaped 32 80,32,80,NA,2,239.926759
560,YBP2,T24,diatom egg shaped,diatom egg shaped 16 32,16,32,NA,2,24.61893289
561,YBP2,T24,diatom egg shaped,diatom egg shaped 32 48,32,48,NA,2,213.8603528
562,WLD2,site,diatom NA,diatom NA 16 40,16,40,16,10,160.0175312
563,LSZ2,site,diatom NA,diatom NA 16 40,16,40,16,9,137.7309785
564,YBP2,site,diatom NA,diatom NA 16 40,16,40,16,1,24.03857561
565,YBP1,site,diatom other,diatom other 9.6 24,9.6,24,NA,3,10.72229832
566,YBP1,T24,diatom other,diatom other 16 32,16,32,16,1,11.64090962
567,SJR2,T24,diatom other,diatom other 8 24,8,24,NA,1,1.847427928
568,YBP2,FC,diatom other,diatom other 8 24,8,24,NA,2,5.639845677
569,SJR1,IC,diatom pennate,diatom pennate 1 20,1,20,1,11,0.480800332
570,SJR1,IC,diatom pennate,diatom pennate 2 20,2,20,2,23,3.130036291
571,SJR1,IC,diatom pennate,diatom pennate 20 56,20,56,20,2,46.537471
572,SJR1,FC,diatom pennate,diatom pennate 2 20,2,20,2,39,1.947221182
573,SJR1,FC,diatom pennate,diatom pennate 4 12,4,12,4,21,8.582707807
574,SJR1,FC,diatom pennate,diatom pennate 8 32,8,32,8,1,4.725441971
575,SJR1,FC,diatom pennate,diatom pennate 8 56,8,56,NA,2,7.192976713
576,SJR1,FC,diatom pennate,diatom pennate 8 64,8,64,8,1,6.977277936
577,SJR1,FC,diatom pennate,diatom pennate 16 104,16,104,16,1,45.2716713
578,SJR1,T24,diatom pennate,diatom pennate 2 18,2,18,2,35,4.142995226
579,SJR1,T24,diatom pennate,diatom pennate 4 10,4,10,4,6,1.770359691
580,SJR1,T24,diatom pennate,diatom pennate 4 12,4,12,4,25,8.205976642
581,SJR1,T24,diatom pennate,diatom pennate 4 20,4,20,4,10,5.734829779
582,SJR1,T24,diatom pennate,diatom pennate 6 56,6,56,6,1,3.403585865
583,SJR1,T24,diatom pennate,diatom pennate 6 72,6,72,6,1,4.763167273
584,YBP1,site,diatom pennate,diatom pennate 2 20,2,20,2,74,13.86014798
585,YBP1,site,diatom pennate,diatom pennate 4 20,4,20,4,38,26.13237749
586,YBP1,site,diatom pennate,diatom pennate 4 24,4,24,NA,2,2.292744595
587,YBP1,site,diatom pennate,diatom pennate 6.4 36,6.4,36,6.4,24,66.97460559
588,YBP1,site,diatom pennate,diatom pennate 8 24,8,24,NA,17,35.84694958
589,YBP1,site,diatom pennate,diatom pennate 8 64,8,64,8,7,55.63818201
590,YBP1,IC,diatom pennate,diatom pennate 2 10,2,10,2,7,0.599220344
591,YBP1,IC,diatom pennate,diatom pennate 2 20,2,20,2,109,4.608433527
592,YBP1,IC,diatom pennate,diatom pennate 4 24,4,24,4,4,2.675544189
593,YBP1,IC,diatom pennate,diatom pennate 6 64,6,64,6,26,35.94308566
594,YBP1,IC,diatom pennate,diatom pennate 6 72,6,72,6,6,19.88531896
595,YBP1,IC,diatom pennate,diatom pennate 8 24,8,24,NA,3,4.927419686
596,YBP1,IC,diatom pennate,diatom pennate 8 48,8,48,NA,2,8.773934555
597,YBP1,IC,diatom pennate,diatom pennate 12 80,12,80,NA,2,20.34286552
598,YBP1,IC,diatom pennate,diatom pennate 16 160,16,160,16,2,110.350413
599,YBP1,FC,diatom pennate,diatom pennate 2 20,2,20,2,87,3.67514643
600,YBP1,FC,diatom pennate,diatom pennate 4 10,4,10,4,3,0.878447574
601,YBP1,FC,diatom pennate,diatom pennate 4 20,4,20,4,8,4.196245384
602,YBP1,FC,diatom pennate,diatom pennate 4 24,4,24,4,11,6.244818236
603,YBP1,FC,diatom pennate,diatom pennate 6 48,6,48,NA,11,23.49632966
604,YBP1,FC,diatom pennate,diatom pennate 6 80,6,80,NA,3,12.25377987
605,YBP1,FC,diatom pennate,diatom pennate 8 40,8,40,8,3,10.10521487
606,YBP1,FC,diatom pennate,diatom pennate 8 48,8,48,NA,6,23.88750582
607,YBP1,FC,diatom pennate,diatom pennate 12 56,12,56,12,1,11.03895709
608,YBP1,T24,diatom pennate,diatom pennate 2 20,2,20,2,96,4.087024353
609,YBP1,T24,diatom pennate,diatom pennate 4 26,4,26,4,6,3.894326674
610,YBP1,T24,diatom pennate,diatom pennate 6 56,6,56,6,6,15.64110063
611,YBP1,T24,diatom pennate,diatom pennate 6 120,6,120,NA,2,11.62862888
612,YBP1,T24,diatom pennate,diatom pennate 8 40,8,40,8,2,7.694089127
613,WLD2,site,diatom pennate,diatom pennate 4 20,4,20,4,16,11.42773444
614,WLD2,site,diatom pennate,diatom pennate 4 40,4,40,4,17,22.20053092
615,WLD2,site,diatom pennate,diatom pennate 4 96,4,96,4,7,21.97026717
616,WLD2,site,diatom pennate,diatom pennate 4 200,4,200,4,1,7.55319044
617,WLD2,site,diatom pennate,diatom pennate 8 40,8,40,8,2,11.42773444
618,WLD2,site,diatom pennate,diatom pennate 8 56,8,56,NA,2,10.75381447
619,WLD2,site,diatom pennate,diatom pennate 12 48,12,48,12,3,39.18573661
620,WLD2,IC,diatom pennate,diatom pennate 2 20,2,20,2,96,3.923972272
621,WLD2,IC,diatom pennate,diatom pennate 4 40,4,40,4,15,13.44566924
622,WLD2,IC,diatom pennate,diatom pennate 6 40,6,40,NA,7,13.34918673
623,WLD2,IC,diatom pennate,diatom pennate 6 48,6,48,NA,41,74.39516139
624,WLD2,IC,diatom pennate,diatom pennate 6 64,6,64,6,10,29.07692842
625,WLD2,IC,diatom pennate,diatom pennate 6 120,6,120,NA,3,16.65754847
626,WLD2,IC,diatom pennate,diatom pennate 8 24,8,24,NA,5,7.728021163
627,WLD2,IC,diatom pennate,diatom pennate 8 32,8,32,8,1,3.278594962
628,WLD2,IC,diatom pennate,diatom pennate 8 48,8,48,NA,62,186.9461961
629,WLD2,IC,diatom pennate,diatom pennate 8 56,8,56,NA,7,11.53817466
630,WLD2,IC,diatom pennate,diatom pennate 8 80,8,80,8,18,97.75738432
631,WLD2,IC,diatom pennate,diatom pennate 12 48,12,48,12,1,9.978805224
632,WLD2,IC,diatom pennate,diatom pennate 12 56,12,56,12,4,39.10995595
633,WLD2,IC,diatom pennate,diatom pennate 16 64,16,64,16,1,26.40758738
634,WLD2,IC,diatom pennate,diatom pennate 20 56,20,56,20,3,74.66443734
635,WLD2,IC,diatom pennate,diatom pennate 104 200,104,200,104,2,3622.981882
636,WLD2,FC,diatom pennate,diatom pennate 2 20,2,20,2,38,4.871430356
637,WLD2,FC,diatom pennate,diatom pennate 2 30,2,30,2,33,6.440781251
638,WLD2,FC,diatom pennate,diatom pennate 4 12,4,12,4,19,5.73919342
639,WLD2,FC,diatom pennate,diatom pennate 4 24,4,24,NA,4,2.678497328
640,WLD2,FC,diatom pennate,diatom pennate 4 64,4,64,4,2,1.915135925
641,WLD2,FC,diatom pennate,diatom pennate 8 24,8,24,NA,7,5.742288971
642,WLD2,FC,diatom pennate,diatom pennate 8 40,8,40,8,1,4.385594768
643,WLD2,FC,diatom pennate,diatom pennate 8 48,8,48,NA,23,42.23093582
644,WLD2,FC,diatom pennate,diatom pennate 8 80,8,80,8,4,14.18742173
645,WLD2,FC,diatom pennate,diatom pennate 12 128,12,128,12,11,197.7501633
646,WLD2,FC,diatom pennate,diatom pennate 16 40,16,40,16,1,14.20100671
647,WLD2,T24,diatom pennate,diatom pennate 2 20,2,20,2,85,3.604896641
648,WLD2,T24,diatom pennate,diatom pennate 4 40,4,40,4,2,2.193305867
649,WLD2,T24,diatom pennate,diatom pennate 4 64,4,64,4,1,1.801861803
650,WLD2,T24,diatom pennate,diatom pennate 4 120,4,120,4,1,3.260385394
651,WLD2,T24,diatom pennate,diatom pennate 8 40,8,40,8,1,4.200877001
652,LSZ2,site,diatom pennate,diatom pennate 4 12,4,12,4,3,1.574714868
653,LSZ2,site,diatom pennate,diatom pennate 4 96,4,96,4,1,3.736632452
654,LSZ2,site,diatom pennate,diatom pennate 4 240,4,240,NA,2,10.7928603
655,LSZ2,site,diatom pennate,diatom pennate 8 40,8,40,8,1,5.860425233
656,LSZ2,IC,diatom pennate,diatom pennate 2 10,2,10,2,8,0.611915154
657,LSZ2,IC,diatom pennate,diatom pennate 2 16,2,16,2,52,5.224077074
658,LSZ2,IC,diatom pennate,diatom pennate 2 20,2,20,2,260,13.70594455
659,LSZ2,IC,diatom pennate,diatom pennate 6 80,6,80,NA,4,8.173537515
660,LSZ2,IC,diatom pennate,diatom pennate 6 120,6,120,NA,2,12.10694808
661,LSZ2,IC,diatom pennate,diatom pennate 8 144,8,144,8,5,27.63991658
662,LSZ2,FC,diatom pennate,diatom pennate 1 20,1,20,1,34,1.297938957
663,LSZ2,FC,diatom pennate,diatom pennate 2 20,2,20,2,128,7.652687079
664,LSZ2,FC,diatom pennate,diatom pennate 3 20,3,20,3,15,4.373663759
665,LSZ2,FC,diatom pennate,diatom pennate 6 160,6,160,6,1,8.47952698
666,LSZ2,T24,diatom pennate,diatom pennate 2 20,2,20,2,159,6.544349472
667,LSZ2,T24,diatom pennate,diatom pennate 4 20,4,20,4,9,4.770142815
668,LSZ2,T24,diatom pennate,diatom pennate 4 96,4,96,4,1,2.741683138
669,LSZ2,T24,diatom pennate,diatom pennate 8 48,8,48,NA,1,4.889682336
670,SJR2,site,diatom pennate,diatom pennate 2 20,2,20,2,61,10.49717313
671,SJR2,site,diatom pennate,diatom pennate 3 12,3,12,3,9,2.533427475
672,SJR2,site,diatom pennate,diatom pennate 16 64,16,64,16,1,37.74987885
673,SJR2,site,diatom pennate,diatom pennate 16 160,16,160,16,3,222.7637577
674,SJR2,IC,diatom pennate,diatom pennate 2 8,2,8,2,6,0.424596141
675,SJR2,IC,diatom pennate,diatom pennate 2 10,2,10,2,29,1.11927645
676,SJR2,IC,diatom pennate,diatom pennate 2 20,2,20,2,103,6.311350618
677,SJR2,IC,diatom pennate,diatom pennate 4 10,4,10,4,54,12.12015086
678,SJR2,IC,diatom pennate,diatom pennate 4 16,4,16,4,17,6.609645267
679,SJR2,IC,diatom pennate,diatom pennate 4 20,4,20,4,2,1.223725403
680,SJR2,IC,diatom pennate,diatom pennate 6 40,6,40,NA,2,4.604306225
681,SJR2,IC,diatom pennate,diatom pennate 6 80,6,80,NA,3,12.09377404
682,SJR2,IC,diatom pennate,diatom pennate 8 40,8,40,8,1,4.1595569
683,SJR2,IC,diatom pennate,diatom pennate 8 64,8,64,8,1,6.265884092
684,SJR2,IC,diatom pennate,diatom pennate 8 184,8,184,NA,2,29.32215626
685,SJR2,FC,diatom pennate,diatom pennate 2 12,2,12,2,14,1.280265344
686,SJR2,FC,diatom pennate,diatom pennate 2 20,2,20,2,125,5.198263535
687,SJR2,FC,diatom pennate,diatom pennate 4 40,4,40,4,2,2.26107278
688,SJR2,FC,diatom pennate,diatom pennate 8 24,8,24,NA,1,1.857534207
689,SJR2,FC,diatom pennate,diatom pennate 8 56,8,56,NA,4,7.111121442
690,SJR2,FC,diatom pennate,diatom pennate 8 168,8,168,8,2,14.73557911
691,SJR2,T24,diatom pennate,diatom pennate 2 10,2,10,2,6,0.515709964
692,SJR2,T24,diatom pennate,diatom pennate 2 12,2,12,2,11,1.035209255
693,SJR2,T24,diatom pennate,diatom pennate 2 20,2,20,2,55,2.522129096
694,SJR2,T24,diatom pennate,diatom pennate 6 40,6,40,NA,1,2.500096511
695,SJR2,T24,diatom pennate,diatom pennate 8 56,8,56,NA,2,7.208699067
696,YBP2,site,diatom pennate,diatom pennate 2 10,2,10,2,12,1.621839967
697,YBP2,site,diatom pennate,diatom pennate 2 20,2,20,2,8,2.08967634
698,YBP2,site,diatom pennate,diatom pennate 4 16,4,16,NA,8,5.822589279
699,YBP2,site,diatom pennate,diatom pennate 4 24,4,24,NA,33,29.00287549
700,YBP2,site,diatom pennate,diatom pennate 6 160,6,160,6,27,264.1180928
701,YBP2,site,diatom pennate,diatom pennate 8 24,8,24,NA,3,8.322476081
702,YBP2,site,diatom pennate,diatom pennate 8 64,8,64,8,12,95.7375392
703,YBP2,site,diatom pennate,diatom pennate 8 168,8,168,8,11,207.5121157
704,YBP2,site,diatom pennate,diatom pennate 8 184,8,184,NA,5,112.2473512
705,YBP2,site,diatom pennate,diatom pennate 8 320,8,320,8,13,424.1312279
706,YBP2,site,diatom pennate,diatom pennate 24 32,24,32,NA,10,214.6186249
707,YBP2,IC,diatom pennate,diatom pennate 1 20,1,20,1,4,0.245694169
708,YBP2,IC,diatom pennate,diatom pennate 2 96,2,96,2,5,2.139638388
709,YBP2,IC,diatom pennate,diatom pennate 4 10,4,10,4,42,12.18105491
710,YBP2,IC,diatom pennate,diatom pennate 4 12,4,12,4,26,9.323589794
711,YBP2,IC,diatom pennate,diatom pennate 4 16,4,16,4,10,5.205134797
712,YBP2,IC,diatom pennate,diatom pennate 4 26,4,26,4,1,1.238015914
713,YBP2,IC,diatom pennate,diatom pennate 4 32,4,32,NA,16,8.773992053
714,YBP2,IC,diatom pennate,diatom pennate 4 56,4,56,4,81,98.57389421
715,YBP2,IC,diatom pennate,diatom pennate 4 64,4,64,4,101,81.83377979
716,YBP2,IC,diatom pennate,diatom pennate 4 96,4,96,4,14,33.94079666
717,YBP2,IC,diatom pennate,diatom pennate 4 160,4,160,4,39,70.82996029
718,YBP2,IC,diatom pennate,diatom pennate 4 240,4,240,NA,30,122.8310708
719,YBP2,IC,diatom pennate,diatom pennate 6 160,6,160,6,27,116.0853875
720,YBP2,IC,diatom pennate,diatom pennate 8 24,8,24,NA,6,6.642663621
721,YBP2,IC,diatom pennate,diatom pennate 8 40,8,40,8,9,35.87156431
722,YBP2,IC,diatom pennate,diatom pennate 8 48,8,48,NA,6,34.93609355
723,YBP2,IC,diatom pennate,diatom pennate 8 56,8,56,NA,13,25.39877636
724,YBP2,IC,diatom pennate,diatom pennate 8 64,8,64,8,3,20.61750912
725,YBP2,IC,diatom pennate,diatom pennate 8 120,8,120,8,9,37.30170256
726,YBP2,IC,diatom pennate,diatom pennate 8 168,8,168,8,7,61.83524091
727,YBP2,IC,diatom pennate,diatom pennate 8 184,8,184,NA,30,397.4624821
728,YBP2,IC,diatom pennate,diatom pennate 8 256,8,256,8,1,31.49263282
729,YBP2,IC,diatom pennate,diatom pennate 16 64,16,64,16,1,38.96243301
730,YBP2,IC,diatom pennate,diatom pennate 16 360,16,360,16,2,277.2105111
731,YBP2,IC,diatom pennate,diatom pennate 20 112,20,112,20,1,64.79604551
732,YBP2,IC,diatom pennate,diatom pennate 24 72,24,72,24,1,60.53613768
733,YBP2,FC,diatom pennate,diatom pennate 4 16,4,16,4,11,12.56641866
734,YBP2,FC,diatom pennate,diatom pennate 4 24,4,24,4,110,66.52146905
735,YBP2,FC,diatom pennate,diatom pennate 4 200,4,200,4,7,140.7346596
736,YBP2,FC,diatom pennate,diatom pennate 6 48,6,48,NA,8,30.33079854
737,YBP2,FC,diatom pennate,diatom pennate 8 32,8,32,8,6,46.01697846
738,YBP2,FC,diatom pennate,diatom pennate 8 48,8,48,NA,99,386.078057
739,YBP2,FC,diatom pennate,diatom pennate 8 56,8,56,NA,14,111.1951304
740,YBP2,FC,diatom pennate,diatom pennate 8 64,8,64,8,20,145.4393995
741,YBP2,FC,diatom pennate,diatom pennate 8 80,8,80,8,11,74.57127127
742,YBP2,FC,diatom pennate,diatom pennate 8 120,8,120,8,3,96.91908285
743,YBP2,FC,diatom pennate,diatom pennate 8 184,8,184,NA,36,451.8308591
744,YBP2,FC,diatom pennate,diatom pennate 8 256,8,256,8,7,195.6234313
745,YBP2,FC,diatom pennate,diatom pennate 8 320,8,320,8,7,400.7727832
746,YBP2,FC,diatom pennate,diatom pennate 16 160,16,160,16,1,296.3185063
747,YBP2,FC,diatom pennate,diatom pennate 24 72,24,72,24,1,79.8413129
748,YBP2,T24,diatom pennate,diatom pennate 2 96,2,96,2,1,1.293368833
749,YBP2,T24,diatom pennate,diatom pennate 3 20,3,20,3,3,3.2925194
750,YBP2,T24,diatom pennate,diatom pennate 4 24,4,24,4,15,14.03784637
751,YBP2,T24,diatom pennate,diatom pennate 4 26,4,26,4,9,9.616907921
752,YBP2,T24,diatom pennate,diatom pennate 4 36,4,36,4,33,32.28289214
753,YBP2,T24,diatom pennate,diatom pennate 4 56,4,56,4,8,17.04245743
754,YBP2,T24,diatom pennate,diatom pennate 4 64,4,64,4,1,5.785803794
755,YBP2,T24,diatom pennate,diatom pennate 4 160,4,160,4,1,12.97026501
756,YBP2,T24,diatom pennate,diatom pennate 8 40,8,40,8,5,50.72983425
757,YBP2,T24,diatom pennate,diatom pennate 8 56,8,56,NA,5,26.72889261
758,YBP2,T24,diatom pennate,diatom pennate 8 64,8,64,8,1,19.62359419
759,YBP2,T24,diatom pennate,diatom pennate 8 80,8,80,8,6,115.7997248
760,YBP2,T24,diatom pennate,diatom pennate 8 120,8,120,8,1,21.72923154
761,YBP2,T24,diatom pennate,diatom pennate 24 32,24,32,NA,5,113.1233079
762,YBP2,T24,diatom pennate,diatom pennate 24 72,24,72,24,1,80.01450446
763,WLD2,FC,diatom pennate fragillaria,diatom pennate fragillaria 16 96,16,96,16,1,32.16691833
764,LSZ2,IC,diatom pennate fragillaria,diatom pennate fragillaria 16 48,16,48,16,1,16.51197462
765,LSZ2,IC,diatom pennate fragillaria,diatom pennate fragillaria 48 64,48,64,48,1,135.9082107
766,LSZ2,FC,diatom pennate fragillaria,diatom pennate fragillaria 64 80,64,80,64,1,298.2296447
767,SJR2,FC,diatom pennate fragillaria,diatom pennate fragillaria 24 64,24,64,24,1,43.65553585
768,YBP2,T24,diatom pennate fragillaria,diatom pennate fragillaria 64 80,64,80,64,6,2396.56508
769,SJR1,IC,diatom pennate pleurosigma,diatom pennate pleurosigma 6 88,6,88,6,2,5.580276063
770,YBP1,site,diatom pennate pleurosigma,diatom pennate pleurosigma 8 96,8,96,8,32,203.8190441
771,YBP1,IC,diatom pennate pleurosigma,diatom pennate pleurosigma 6 56,6,56,6,7,12.26269928
772,YBP1,IC,diatom pennate pleurosigma,diatom pennate pleurosigma 8 44,8,44,8,21,44.81595997
773,YBP1,FC,diatom pennate pleurosigma,diatom pennate pleurosigma 6 56,6,56,6,9,15.8261379
774,YBP1,FC,diatom pennate pleurosigma,diatom pennate pleurosigma 8 80,8,80,8,2,9.152947523
775,WLD2,site,diatom pennate pleurosigma,diatom pennate pleurosigma 4 160,4,160,4,7,23.14801523
776,WLD2,IC,diatom pennate pleurosigma,diatom pennate pleurosigma 8 44,8,44,8,5,12.65756245
777,WLD2,FC,diatom pennate pleurosigma,diatom pennate pleurosigma 12 96,12,96,12,4,44.14809085
778,WLD2,FC,diatom pennate pleurosigma,diatom pennate pleurosigma 16 88,16,88,16,1,19.17162267
779,WLD2,T24,diatom pennate pleurosigma,diatom pennate pleurosigma 8 64,8,64,8,4,13.92453998
780,WLD2,T24,diatom pennate pleurosigma,diatom pennate pleurosigma 8 120,8,120,8,1,7.428711014
781,LSZ2,IC,diatom pennate pleurosigma,diatom pennate pleurosigma 4 64,4,64,4,1,1.242424502
782,LSZ2,IC,diatom pennate pleurosigma,diatom pennate pleurosigma 8 80,8,80,8,1,4.728796076
783,LSZ2,FC,diatom pennate pleurosigma,diatom pennate pleurosigma 16 184,16,184,16,3,95.49416336
784,SJR2,site,diatom pennate pleurosigma,diatom pennate pleurosigma 8 80,8,80,8,2,13.54810118
785,SJR2,IC,diatom pennate pleurosigma,diatom pennate pleurosigma 6 56,6,56,6,12,20.21306467
786,SJR2,IC,diatom pennate pleurosigma,diatom pennate pleurosigma 8 80,8,80,8,3,13.4875658
787,SJR2,IC,diatom pennate pleurosigma,diatom pennate pleurosigma 8 120,8,120,8,4,24.89356971
788,SJR2,FC,diatom pennate pleurosigma,diatom pennate pleurosigma 8 80,8,80,8,3,13.56134899
789,SJR2,FC,diatom pennate pleurosigma,diatom pennate pleurosigma 16 64,16,64,16,7,79.36537735
790,SJR2,T24,diatom pennate pleurosigma,diatom pennate pleurosigma 8 64,8,64,8,3,11.10457728
791,YBP2,site,diatom pennate pleurosigma,diatom pennate pleurosigma 16 144,16,144,16,11,412.7697495
792,YBP2,IC,diatom pennate pleurosigma,diatom pennate pleurosigma 16 144,16,144,16,4,124.3351325
793,YBP2,IC,diatom pennate pleurosigma,diatom pennate pleurosigma 16 184,16,184,16,2,83.33055344
794,YBP2,FC,diatom pennate pleurosigma,diatom pennate pleurosigma 16 88,16,88,16,3,250.1236194
795,YBP2,T24,diatom pennate pleurosigma,diatom pennate pleurosigma 16 144,16,144,16,2,159.3768812
796,YBP1,FC,dinoflagellate peridinium,dinoflagellate peridinium 24 24,24,24,24,1,40.09490625
797,LSZ2,site,dinoflagellate peridinium,dinoflagellate peridinium 24 24,24,24,24,9,440.7488338
798,LSZ2,IC,dinoflagellate peridinium,dinoflagellate peridinium 20 24,20,24,20,13,288.2917674
799,LSZ2,IC,dinoflagellate peridinium,dinoflagellate peridinium 24 24,24,24,24,16,279.0360798
800,LSZ2,FC,dinoflagellate peridinium,dinoflagellate peridinium 20 20,20,20,20,29,199.3550675
801,LSZ2,T24,dinoflagellate peridinium,dinoflagellate peridinium 16 16,16,16,16,1,12.69700285
802,LSZ2,T24,dinoflagellate peridinium,dinoflagellate peridinium 24 24,24,24,24,1,41.0860448
803,SJR2,IC,dinoflagellate peridinium,dinoflagellate peridinium 24 24,24,24,24,19,224.3196802
804,SJR2,FC,dinoflagellate peridinium,dinoflagellate peridinium 16 16,16,16,16,3,35.58305048
805,SJR2,FC,dinoflagellate peridinium,dinoflagellate peridinium 20 24,20,24,20,6,151.9609282
806,YBP2,IC,dinoflagellate peridinium,dinoflagellate peridinium 16 16,16,16,16,15,103.4210903
807,YBP2,IC,dinoflagellate peridinium,dinoflagellate peridinium 24 24,24,24,24,19,453.8710882
808,WLD2,site,dinoflagellate prorocentrum,dinoflagellate prorocentrum 17.6 17.6,17.6,17.6,17.6,13,275.1236752
809,YBP1,IC,flagellate colonial,flagellate colonial 16 16,16,16,NA,1,12.79499515
810,SJR2,IC,flagellate colonial,flagellate colonial 16 16,16,16,NA,1,12.65546412
811,YBP1,site,flagellate cryptomonas,flagellate cryptomonas 3.67 5.5,3.67,5.5,NA,223,74.79745331
812,YBP1,site,flagellate cryptomonas,flagellate cryptomonas 6.33 9.5,6.33,9.5,NA,94,154.5506366
813,YBP1,site,flagellate cryptomonas,flagellate cryptomonas 9 14,9,14,NA,13,67.2139745
814,YBP1,IC,flagellate cryptomonas,flagellate cryptomonas 3.67 5.5,3.67,5.5,NA,3653,231.1853692
815,YBP1,IC,flagellate cryptomonas,flagellate cryptomonas 6.33 9.5,6.33,9.5,NA,228,79.24506414
816,YBP1,IC,flagellate cryptomonas,flagellate cryptomonas 8 24,8,24,NA,16,35.31799257
817,YBP1,IC,flagellate cryptomonas,flagellate cryptomonas 9 14,9,14,NA,97,98.9855479
818,YBP1,IC,flagellate cryptomonas,flagellate cryptomonas 16 24,16,24,NA,10,162.7008485
819,YBP1,FC,flagellate cryptomonas,flagellate cryptomonas 3.67 5.5,3.67,5.5,NA,2295,143.4881811
820,YBP1,FC,flagellate cryptomonas,flagellate cryptomonas 6.33 9.5,6.33,9.5,NA,141,48.95826237
821,YBP1,FC,flagellate cryptomonas,flagellate cryptomonas 8 16,8,16,NA,8,22.44130674
822,YBP1,FC,flagellate cryptomonas,flagellate cryptomonas 9 14,9,14,NA,34,35.9659569
823,YBP1,T24,flagellate cryptomonas,flagellate cryptomonas 3.67 5.5,3.67,5.5,NA,2088,135.1438937
824,YBP1,T24,flagellate cryptomonas,flagellate cryptomonas 6.33 9.5,6.33,9.5,NA,40,15.14532723
825,WLD2,site,flagellate cryptomonas,flagellate cryptomonas 6.33 9.5,6.33,9.5,NA,117,177.8570678
826,WLD2,IC,flagellate cryptomonas,flagellate cryptomonas 3.67 5.5,3.67,5.5,NA,629,43.9121719
827,WLD2,IC,flagellate cryptomonas,flagellate cryptomonas 6.33 9.5,6.33,9.5,NA,815,260.3850415
828,WLD2,IC,flagellate cryptomonas,flagellate cryptomonas 8 24,8,24,NA,23,49.51510162
829,WLD2,IC,flagellate cryptomonas,flagellate cryptomonas 9 14,9,14,NA,86,87.61573302
830,WLD2,FC,flagellate cryptomonas,flagellate cryptomonas 3.67 5.5,3.67,5.5,NA,222,24.59833235
831,WLD2,FC,flagellate cryptomonas,flagellate cryptomonas 6 16,6,16,NA,4,7.462498685
832,WLD2,FC,flagellate cryptomonas,flagellate cryptomonas 6.33 9.5,6.33,9.5,NA,244,124.9939487
833,WLD2,FC,flagellate cryptomonas,flagellate cryptomonas 9 14,9,14,NA,14,45.55892018
834,WLD2,T24,flagellate cryptomonas,flagellate cryptomonas 3.67 5.5,3.67,5.5,NA,435,30.51169523
835,WLD2,T24,flagellate cryptomonas,flagellate cryptomonas 6.33 9.5,6.33,9.5,NA,214,72.80928395
836,WLD2,T24,flagellate cryptomonas,flagellate cryptomonas 9 14,9,14,NA,3,9.951966269
837,LSZ2,site,flagellate cryptomonas,flagellate cryptomonas 6.33 9.5,6.33,9.5,NA,62,92.5287759
838,LSZ2,IC,flagellate cryptomonas,flagellate cryptomonas 3.67 5.5,3.67,5.5,NA,1367,88.14956634
839,LSZ2,IC,flagellate cryptomonas,flagellate cryptomonas 6.33 9.5,6.33,9.5,NA,466,150.1185735
840,LSZ2,IC,flagellate cryptomonas,flagellate cryptomonas 8 24,8,24,NA,39,156.9747347
841,LSZ2,IC,flagellate cryptomonas,flagellate cryptomonas 9 14,9,14,NA,148,142.9116516
842,LSZ2,IC,flagellate cryptomonas,flagellate cryptomonas 16 24,16,24,NA,33,245.622215
843,LSZ2,FC,flagellate cryptomonas,flagellate cryptomonas 3.67 5.5,3.67,5.5,NA,1367,91.48535038
844,LSZ2,FC,flagellate cryptomonas,flagellate cryptomonas 6.33 9.5,6.33,9.5,NA,387,130.5012736
845,LSZ2,FC,flagellate cryptomonas,flagellate cryptomonas 8 24,8,24,NA,16,68.44419161
846,LSZ2,FC,flagellate cryptomonas,flagellate cryptomonas 9 14,9,14,NA,176,172.9481825
847,LSZ2,FC,flagellate cryptomonas,flagellate cryptomonas 16 24,16,24,NA,33,255.1114943
848,LSZ2,T24,flagellate cryptomonas,flagellate cryptomonas 3.67 5.5,3.67,5.5,NA,856,59.79450213
849,LSZ2,T24,flagellate cryptomonas,flagellate cryptomonas 6.33 9.5,6.33,9.5,NA,190,67.67245973
850,LSZ2,T24,flagellate cryptomonas,flagellate cryptomonas 9 14,9,14,NA,16,26.73066093
851,SJR2,site,flagellate cryptomonas,flagellate cryptomonas 3.67 5.5,3.67,5.5,NA,332,97.58863845
852,SJR2,site,flagellate cryptomonas,flagellate cryptomonas 6.33 9.5,6.33,9.5,NA,112,163.5842624
853,SJR2,site,flagellate cryptomonas,flagellate cryptomonas 8 24,8,24,NA,23,137.1168898
854,SJR2,site,flagellate cryptomonas,flagellate cryptomonas 9 14,9,14,NA,42,181.518087
855,SJR2,IC,flagellate cryptomonas,flagellate cryptomonas 3.67 5.5,3.67,5.5,NA,398,28.66100056
856,SJR2,IC,flagellate cryptomonas,flagellate cryptomonas 6.33 9.5,6.33,9.5,NA,483,160.5276578
857,SJR2,IC,flagellate cryptomonas,flagellate cryptomonas 8 24,8,24,NA,75,103.3495365
858,SJR2,IC,flagellate cryptomonas,flagellate cryptomonas 9 14,9,14,NA,158,156.5188748
859,SJR2,IC,flagellate cryptomonas,flagellate cryptomonas 12 40,12,40,NA,1,17.39252443
860,SJR2,FC,flagellate cryptomonas,flagellate cryptomonas 3.67 5.5,3.67,5.5,NA,36,2.988966418
861,SJR2,FC,flagellate cryptomonas,flagellate cryptomonas 6.33 9.5,6.33,9.5,NA,213,73.93455859
862,SJR2,FC,flagellate cryptomonas,flagellate cryptomonas 8 24,8,24,NA,46,95.76215376
863,SJR2,FC,flagellate cryptomonas,flagellate cryptomonas 9 14,9,14,NA,127,127.6661304
864,SJR2,FC,flagellate cryptomonas,flagellate cryptomonas 16 24,16,24,NA,15,236.2656587
865,SJR2,T24,flagellate cryptomonas,flagellate cryptomonas 3.67 5.5,3.67,5.5,NA,36,4.375334444
866,SJR2,T24,flagellate cryptomonas,flagellate cryptomonas 6.33 9.5,6.33,9.5,NA,54,20.32865744
867,SJR2,T24,flagellate cryptomonas,flagellate cryptomonas 8 24,8,24,NA,2,9.659632484
868,SJR2,T24,flagellate cryptomonas,flagellate cryptomonas 9 14,9,14,NA,28,30.31881041
869,YBP2,site,flagellate cryptomonas,flagellate cryptomonas 3.67 5.5,3.67,5.5,NA,7,3.103542018
870,YBP2,site,flagellate cryptomonas,flagellate cryptomonas 8 24,8,24,NA,95,619.1144675
871,YBP2,site,flagellate cryptomonas,flagellate cryptomonas 16 48,16,48,NA,14,722.6104048
872,YBP2,IC,flagellate cryptomonas,flagellate cryptomonas 8 24,8,24,NA,174,451.9719445
873,YBP2,IC,flagellate cryptomonas,flagellate cryptomonas 16 24,16,24,NA,96,1687.771348
874,YBP2,IC,flagellate cryptomonas,flagellate cryptomonas 16 48,16,48,NA,7,276.8057757
875,YBP2,FC,flagellate cryptomonas,flagellate cryptomonas 9 14,9,14,NA,10,165.1759785
876,YBP2,FC,flagellate cryptomonas,flagellate cryptomonas 16 48,16,48,NA,1,178.109908
877,YBP2,T24,flagellate cryptomonas,flagellate cryptomonas 3.67 5.5,3.67,5.5,NA,23,9.20587603
878,YBP1,site,flagellate euglenid,flagellate euglenid 8 20,8,20,NA,3,19.00518627
879,WLD2,IC,flagellate euglenid,flagellate euglenid 8 32,8,32,NA,2,12.79499515
880,WLD2,T24,flagellate euglenid,flagellate euglenid 12 80,12,80,NA,1,33.82338754
881,YBP2,site,flagellate euglenid,flagellate euglenid 40 40,40,40,NA,7,1775.076976
882,YBP2,IC,flagellate euglenid,flagellate euglenid 8 40,8,40,NA,17,145.1993886
883,YBP2,IC,flagellate euglenid,flagellate euglenid 12 80,12,80,NA,10,209.9127648
884,YBP2,IC,flagellate euglenid,flagellate euglenid 16 48,16,48,NA,1,44.52747701
885,YBP2,FC,flagellate euglenid,flagellate euglenid 8 136,8,136,NA,1,42.48290736
886,YBP2,FC,flagellate euglenid,flagellate euglenid 16 48,16,48,NA,4,265.4857584
887,YBP2,FC,flagellate euglenid,flagellate euglenid 40 40,40,40,NA,3,775.9577117
888,YBP2,T24,flagellate euglenid,flagellate euglenid 8 136,8,136,NA,1,42.57506117
889,YBP2,T24,flagellate euglenid,flagellate euglenid 16 48,16,48,NA,1,110.9545092
890,YBP2,T24,flagellate euglenid,flagellate euglenid 16 144,16,144,NA,1,294.9061538
891,YBP1,IC,flagellate in a cone,flagellate in a cone 4 4,4,4,NA,34,2.485561886
892,YBP1,FC,flagellate in a cone,flagellate in a cone 4 4,4,4,NA,53,5.196803196
893,YBP1,FC,flagellate in a cone,flagellate in a cone 6 6,6,6,NA,30,19.68353356
894,YBP1,T24,flagellate in a cone,flagellate in a cone 4 4,4,4,NA,75,7.682472733
895,YBP1,T24,flagellate in a cone,flagellate in a cone 6 6,6,6,NA,21,13.36314131
896,SJR1,IC,flagellate NA,flagellate NA 16 32,16,32,NA,1,24.4228421
897,SJR1,T24,flagellate NA,flagellate NA 16 32,16,32,NA,1,24.55762599
898,SJR2,site,flagellate NA,flagellate NA 8 16,8,16,NA,12,50.8662842
899,YBP2,IC,flagellate NA,flagellate NA 8 16,8,16,NA,20,71.93563208
900,YBP2,IC,flagellate NA,flagellate NA 12 20,12,20,NA,3,37.71586518
901,YBP2,IC,flagellate NA,flagellate NA 16 32,16,32,NA,4,111.8440095
902,YBP2,IC,flagellate NA,flagellate NA 24 32,24,32,NA,31,630.9273565
903,YBP2,FC,flagellate NA,flagellate NA 16 32,16,32,NA,4,147.5114353
904,SJR1,site,flagellate other,flagellate other 6.33 9.5,6.33,9.5,NA,4,6.054667651
905,SJR1,IC,flagellate other,flagellate other 3.67 5.5,3.67,5.5,NA,239,17.18000956
906,SJR1,IC,flagellate other,flagellate other 6.33 9.5,6.33,9.5,NA,131,44.60286392
907,SJR1,IC,flagellate other,flagellate other 9 14,9,14,NA,10,11.16634677
908,SJR1,FC,flagellate other,flagellate other 3.67 5.5,3.67,5.5,NA,446,34.10397583
909,SJR1,FC,flagellate other,flagellate other 6.33 9.5,6.33,9.5,NA,80,34.342384
910,SJR1,FC,flagellate other,flagellate other 9 14,9,14,NA,61,68.49744807
911,SJR1,T24,flagellate other,flagellate other 3.67 5.5,3.67,5.5,NA,401,30.17494217
912,SJR1,T24,flagellate other,flagellate other 6.33 9.5,6.33,9.5,NA,146,52.87091672
913,SJR1,T24,flagellate other,flagellate other 9 14,9,14,NA,9,11.25217152
914,YBP1,site,flagellate other,flagellate other 3.67 5.5,3.67,5.5,NA,176,59.89146549
915,YBP1,site,flagellate other,flagellate other 6.33 9.5,6.33,9.5,NA,59,99.80074484
916,YBP1,IC,flagellate other,flagellate other 3.67 5.5,3.67,5.5,NA,724,50.62204143
917,YBP1,IC,flagellate other,flagellate other 6.33 9.5,6.33,9.5,NA,7,4.386180347
918,YBP1,FC,flagellate other,flagellate other 3.67 5.5,3.67,5.5,NA,829,55.31625985
919,YBP1,FC,flagellate other,flagellate other 6.33 9.5,6.33,9.5,NA,14,5.516005023
920,YBP1,FC,flagellate other,flagellate other 9 14,9,14,NA,2,3.749271298
921,YBP1,T24,flagellate other,flagellate other 3.67 5.5,3.67,5.5,NA,968,65.57013453
922,YBP1,T24,flagellate other,flagellate other 6.33 9.5,6.33,9.5,NA,6,7.360811589
923,WLD2,site,flagellate other,flagellate other 3.67 5.5,3.67,5.5,NA,15,5.558007105
924,WLD2,IC,flagellate other,flagellate other 3.67 5.5,3.67,5.5,NA,323,23.45625784
925,WLD2,IC,flagellate other,flagellate other 6.33 9.5,6.33,9.5,NA,31,12.09050585
926,WLD2,IC,flagellate other,flagellate other 9 14,9,14,NA,14,23.53051804
927,WLD2,FC,flagellate other,flagellate other 3.67 5.5,3.67,5.5,NA,655,47.12347303
928,WLD2,FC,flagellate other,flagellate other 6.33 9.5,6.33,9.5,NA,227,80.7395804
929,WLD2,FC,flagellate other,flagellate other 9 14,9,14,NA,31,51.25685917
930,WLD2,T24,flagellate other,flagellate other 3.67 5.5,3.67,5.5,NA,580,40.02143287
931,WLD2,T24,flagellate other,flagellate other 6.33 9.5,6.33,9.5,NA,36,13.62539638
932,WLD2,T24,flagellate other,flagellate other 9 14,9,14,NA,2,7.352957368
933,LSZ2,site,flagellate other,flagellate other 6.33 9.5,6.33,9.5,NA,10,16.68095921
934,LSZ2,IC,flagellate other,flagellate other 3.67 5.5,3.67,5.5,NA,383,26.83865692
935,LSZ2,IC,flagellate other,flagellate other 6.33 9.5,6.33,9.5,NA,38,14.14442729
936,LSZ2,IC,flagellate other,flagellate other 9 14,9,14,NA,7,23.53029967
937,LSZ2,FC,flagellate other,flagellate other 3.67 5.5,3.67,5.5,NA,400,28.96017123
938,LSZ2,FC,flagellate other,flagellate other 6.33 9.5,6.33,9.5,NA,61,23.04492616
939,LSZ2,FC,flagellate other,flagellate other 9 14,9,14,NA,2,3.795472918
940,LSZ2,T24,flagellate other,flagellate other 3.67 5.5,3.67,5.5,NA,336,24.79314185
941,LSZ2,T24,flagellate other,flagellate other 6.33 9.5,6.33,9.5,NA,17,10.3609375
942,LSZ2,T24,flagellate other,flagellate other 9 14,9,14,NA,2,7.280633198
943,SJR2,site,flagellate other,flagellate other 3.67 5.5,3.67,5.5,NA,294,87.06202042
944,SJR2,site,flagellate other,flagellate other 6.33 9.5,6.33,9.5,NA,39,60.74848658
945,SJR2,IC,flagellate other,flagellate other 3.67 5.5,3.67,5.5,NA,445,31.20324021
946,SJR2,IC,flagellate other,flagellate other 6.33 9.5,6.33,9.5,NA,118,42.71803554
947,SJR2,FC,flagellate other,flagellate other 3.67 5.5,3.67,5.5,NA,822,56.75438135
948,SJR2,FC,flagellate other,flagellate other 6.33 9.5,6.33,9.5,NA,77,28.61190217
949,SJR2,T24,flagellate other,flagellate other 3.67 5.5,3.67,5.5,NA,501,35.64134532
950,SJR2,T24,flagellate other,flagellate other 6.33 9.5,6.33,9.5,NA,28,10.92664306
951,YBP2,site,flagellate other,flagellate other 6.33 9.5,6.33,9.5,NA,6,12.48733586
952,YBP2,site,flagellate other,flagellate other 9 14,9,14,NA,15,82.28079634
953,YBP2,IC,flagellate other,flagellate other 3.67 5.5,3.67,5.5,NA,213,21.58438725
954,YBP2,IC,flagellate other,flagellate other 6.33 9.5,6.33,9.5,NA,374,168.0094994
955,YBP2,IC,flagellate other,flagellate other 9 14,9,14,NA,188,234.5717042
956,YBP2,FC,flagellate other,flagellate other 3.67 5.5,3.67,5.5,NA,355,82.18266067
957,YBP2,FC,flagellate other,flagellate other 6.33 9.5,6.33,9.5,NA,252,242.0946412
958,YBP2,FC,flagellate other,flagellate other 9 14,9,14,NA,56,188.8151778
959,YBP2,T24,flagellate other,flagellate other 3.67 5.5,3.67,5.5,NA,717,111.1878077
960,YBP2,T24,flagellate other,flagellate other 6.33 9.5,6.33,9.5,NA,112,98.70660968
961,YBP2,T24,flagellate other,flagellate other 9 14,9,14,NA,34,92.38122811
962,SJR1,site,ochrophyte synura,ochrophyte synura 16 16,16,16,NA,14,182.7500738
963,SJR1,IC,ochrophyte synura,ochrophyte synura 32 32,32,32,NA,1,89.76985702
964,SJR1,FC,ochrophyte synura,ochrophyte synura 16 16,16,16,NA,2,13.35854546
965,YBP2,IC,ochrophyte synura,ochrophyte synura 32 32,32,32,NA,55,1802.432781
966,YBP1,site,tintinnid agglutinated,tintinnid agglutinated 24 72,24,72,NA,4,652.5163058
967,YBP1,site,tintinnid agglutinated,tintinnid agglutinated 32 48,32,48,NA,4,765.3791441
968,YBP1,IC,tintinnid agglutinated,tintinnid agglutinated 24 40,24,40,NA,3,181.7280793
969,YBP1,IC,tintinnid agglutinated,tintinnid agglutinated 32 40,32,40,NA,2,206.0984387
970,YBP1,IC,tintinnid agglutinated,tintinnid agglutinated 32 48,32,48,NA,8,932.892647
971,YBP1,FC,tintinnid agglutinated,tintinnid agglutinated 16 24,16,24,NA,26,382.036944
972,YBP1,FC,tintinnid agglutinated,tintinnid agglutinated 24 56,24,56,NA,22,1618.655029
973,YBP1,FC,tintinnid agglutinated,tintinnid agglutinated 24 64,24,64,NA,14,1098.067197
974,YBP1,T24,tintinnid agglutinated,tintinnid agglutinated 24 40,24,40,NA,4,235.2361787
975,YBP1,T24,tintinnid agglutinated,tintinnid agglutinated 24 48,24,48,NA,3,214.714877
976,YBP1,T24,tintinnid agglutinated,tintinnid agglutinated 32 48,32,48,NA,2,240.0584059
977,WLD2,site,tintinnid agglutinated,tintinnid agglutinated 16 80,16,80,NA,1,85.75605546
978,WLD2,FC,tintinnid agglutinated,tintinnid agglutinated 20 64,20,64,NA,26,1525.845373
979,WLD2,FC,tintinnid agglutinated,tintinnid agglutinated 24 48,24,48,NA,14,914.1427045
980,WLD2,FC,tintinnid agglutinated,tintinnid agglutinated 24 64,24,64,NA,20,1753.511552
981,LSZ2,site,tintinnid agglutinated,tintinnid agglutinated 16 24,16,24,NA,1,26.14917978
982,LSZ2,site,tintinnid agglutinated,tintinnid agglutinated 24 40,24,40,NA,3,253.7992238
983,LSZ2,IC,tintinnid agglutinated,tintinnid agglutinated 24 56,24,56,NA,2,168.2872352
984,LSZ2,IC,tintinnid agglutinated,tintinnid agglutinated 32 64,32,64,NA,1,170.7943088
985,LSZ2,FC,tintinnid agglutinated,tintinnid agglutinated 20 40,20,40,NA,6,245.4979747
986,LSZ2,FC,tintinnid agglutinated,tintinnid agglutinated 24 56,24,56,NA,13,510.9565284
987,SJR2,IC,tintinnid agglutinated,tintinnid agglutinated 24 32,24,32,NA,1,52.07063441
988,SJR2,IC,tintinnid agglutinated,tintinnid agglutinated 24 64,24,64,NA,1,99.61203061
989,YBP2,site,tintinnid agglutinated,tintinnid agglutinated 24 32,24,32,NA,21,1547.403572
990,YBP2,site,tintinnid agglutinated,tintinnid agglutinated 24 56,24,56,NA,2,287.6865586
991,YBP2,site,tintinnid agglutinated,tintinnid agglutinated 24 96,24,96,NA,5,1128.208506
992,YBP2,IC,tintinnid agglutinated,tintinnid agglutinated 24 96,24,96,NA,288,19380.85257
993,YBP2,IC,tintinnid agglutinated,tintinnid agglutinated 24 120,24,120,NA,120,23816.43547
994,YBP2,IC,tintinnid agglutinated,tintinnid agglutinated 32 56,32,56,NA,4,819.7703737
995,YBP2,IC,tintinnid agglutinated,tintinnid agglutinated 32 64,32,64,NA,2,408.8629369
996,YBP2,FC,tintinnid agglutinated,tintinnid agglutinated 24 64,24,64,NA,8,1161.072677
997,YBP2,FC,tintinnid agglutinated,tintinnid agglutinated 24 96,24,96,NA,7,2046.128729
998,YBP2,FC,tintinnid agglutinated,tintinnid agglutinated 32 48,32,48,NA,1,363.3080391
999,YBP2,FC,tintinnid agglutinated,tintinnid agglutinated 32 56,32,56,NA,2,478.3057287
1000,YBP2,T24,tintinnid agglutinated,tintinnid agglutinated 24 32,24,32,NA,1,86.12550703
1001,YBP1,FC,tintinnid hyaline,tintinnid hyaline 16 20,16,20,NA,1,15.10407727
1002,YBP1,FC,tintinnid hyaline,tintinnid hyaline 16 24,16,24,NA,1,18.72361997
1003,WLD2,IC,tintinnid hyaline,tintinnid hyaline 12 32,12,32,NA,1,14.29132002
1004,WLD2,IC,tintinnid hyaline,tintinnid hyaline 16 20,16,20,NA,2,30.24863586
1005,WLD2,FC,tintinnid hyaline,tintinnid hyaline 16 36,16,36,NA,1,27.42954474
1006,SJR2,site,tintinnid hyaline,tintinnid hyaline 32 56,32,56,NA,1,216.0863734
1007,YBP2,FC,tintinnid hyaline,tintinnid hyaline 16 36,16,36,NA,8,958.0145467
1008,SJR1,site,unidentified flagchloro,unidentified flagchloro 4 12,4,12,NA,85,82.17340095
1009,SJR1,IC,unidentified flagchloro,unidentified flagchloro 4 20,4,20,NA,31,42.86982303
1010,SJR1,FC,unidentified flagchloro,unidentified flagchloro 4 26,4,26,NA,39,74.9406701
1011,SJR1,T24,unidentified flagchloro,unidentified flagchloro 4 12,4,12,NA,201,90.10887312
1012,YBP1,IC,unidentified flagchloro,unidentified flagchloro 4 10,4,10,NA,62,42.96435406
1013,YBP1,IC,unidentified flagchloro,unidentified flagchloro 4 20,4,20,NA,60,40.76565348
1014,YBP1,FC,unidentified flagchloro,unidentified flagchloro 4 12,4,12,NA,14,6.343815344
1015,YBP1,FC,unidentified flagchloro,unidentified flagchloro 4 20,4,20,NA,22,28.48363448
1016,WLD2,T24,unidentified flagchloro,unidentified flagchloro 4 8,4,8,NA,46,26.35497943
1017,LSZ2,site,unidentified flagchloro,unidentified flagchloro 4 12,4,12,NA,107,118.8675471
1018,LSZ2,IC,unidentified flagchloro,unidentified flagchloro 4 8,4,8,NA,2,1.262332503
1019,LSZ2,FC,unidentified flagchloro,unidentified flagchloro 3 26,3,26,NA,25,25.96595358
1020,LSZ2,FC,unidentified flagchloro,unidentified flagchloro 4 26,4,26,NA,57,50.20862716
1021,LSZ2,T24,unidentified flagchloro,unidentified flagchloro 3 26,3,26,NA,42,42.26391185
1022,LSZ2,T24,unidentified flagchloro,unidentified flagchloro 4 26,4,26,NA,84,143.6203057
1023,YBP2,site,unidentified flagchloro,unidentified flagchloro 4 20,4,20,NA,3,8.097846047
1024,YBP2,FC,unidentified flagchloro,unidentified flagchloro 4 10,4,10,NA,76,143.2254336
1025,YBP2,FC,unidentified flagchloro,unidentified flagchloro 4 12,4,12,NA,134,249.7644816
1026,YBP2,T24,unidentified flagchloro,unidentified flagchloro 4 8,4,8,NA,31,53.21727244
1027,YBP2,T24,unidentified flagchloro,unidentified flagchloro 4 12,4,12,NA,40,55.39405118
1028,SJR1,site,unidentified NA,unidentified NA 2 10,2,10,NA,2,0.557171039
1029,SJR1,site,unidentified NA,unidentified NA 8 12,8,12,NA,1,3.184135422
1030,SJR1,site,unidentified NA,unidentified NA 8 32,8,32,NA,15,148.8248845
1031,SJR1,site,unidentified NA,unidentified NA 24 40,24,40,NA,40,2479.377868
1032,SJR1,site,unidentified NA,unidentified NA 40 48,40,48,NA,54,10179.09741
1033,SJR1,IC,unidentified NA,unidentified NA 6 32,6,32,NA,30,94.37213506
1034,SJR1,IC,unidentified NA,unidentified NA 16 40,16,40,NA,3,75.60456746
1035,SJR1,IC,unidentified NA,unidentified NA 32 56,32,56,NA,4,559.2836028
1036,SJR1,FC,unidentified NA,unidentified NA 16 80,16,80,NA,1,57.36023356
1037,SJR1,T24,unidentified NA,unidentified NA 8 24,8,24,NA,15,72.80487448
1038,SJR1,T24,unidentified NA,unidentified NA 8 48,8,48,NA,14,130.6829144
1039,SJR1,T24,unidentified NA,unidentified NA 16 32,16,32,NA,29,579.9333723
1040,SJR1,T24,unidentified NA,unidentified NA 16 80,16,80,NA,3,182.6719024
1041,YBP1,site,unidentified NA,unidentified NA 8 16,8,16,NA,2,10.53231734
1042,YBP1,site,unidentified NA,unidentified NA 8 32,8,32,NA,70,832.5698658
1043,YBP1,IC,unidentified NA,unidentified NA 3 8,3,8,NA,18,6.355063921
1044,YBP1,IC,unidentified NA,unidentified NA 4 8,4,8,NA,12,5.110864212
1045,YBP1,IC,unidentified NA,unidentified NA 6 14,6,14,NA,2,3.441299178
1046,YBP1,IC,unidentified NA,unidentified NA 16 24,16,24,NA,1,18.72361997
1047,YBP1,IC,unidentified NA,unidentified NA 32 32,32,32,NA,1,87.17842801
1048,WLD2,site,unidentified NA,unidentified NA 4 8,4,8,NA,5,3.310769661
1049,WLD2,site,unidentified NA,unidentified NA 8 12,8,12,NA,9,30.92529658
1050,WLD2,site,unidentified NA,unidentified NA 10 16,10,16,NA,4,18.50377348
1051,WLD2,site,unidentified NA,unidentified NA 16 24,16,24,NA,1,27.68736683
1052,WLD2,site,unidentified NA,unidentified NA 16 32,16,32,NA,1,36.27430734
1053,WLD2,site,unidentified NA,unidentified NA 20 40,20,40,NA,14,810.6042203
1054,WLD2,site,unidentified NA,unidentified NA 24 32,24,32,NA,10,674.9918247
1055,WLD2,site,unidentified NA,unidentified NA 32 80,32,80,NA,16,4258.60924
1056,WLD2,IC,unidentified NA,unidentified NA 8 168,8,168,NA,1,46.33959543
1057,WLD2,IC,unidentified NA,unidentified NA 12 32,12,32,NA,48,280.9540346
1058,WLD2,IC,unidentified NA,unidentified NA 16 32,16,32,NA,1,23.3298477
1059,WLD2,IC,unidentified NA,unidentified NA 16 40,16,40,NA,7,188.0411304
1060,WLD2,IC,unidentified NA,unidentified NA 20 40,20,40,NA,18,660.097811
1061,WLD2,FC,unidentified NA,unidentified NA 12 32,12,32,NA,7,92.85109447
1062,WLD2,FC,unidentified NA,unidentified NA 16 72,16,72,NA,1,52.58789237
1063,WLD2,FC,unidentified NA,unidentified NA 20 40,20,40,NA,13,534.3960379
1064,WLD2,FC,unidentified NA,unidentified NA 24 32,24,32,NA,6,282.8588618
1065,WLD2,FC,unidentified NA,unidentified NA 24 40,24,40,NA,26,1377.553758
1066,WLD2,FC,unidentified NA,unidentified NA 32 56,32,56,NA,5,689.6529353
1067,WLD2,T24,unidentified NA,unidentified NA 24 40,24,40,NA,2,119.541333
1068,WLD2,T24,unidentified NA,unidentified NA 32 56,32,56,NA,1,152.6628763
1069,LSZ2,site,unidentified NA,unidentified NA 8 12,8,12,NA,1,3.710706228
1070,LSZ2,site,unidentified NA,unidentified NA 8 16,8,16,NA,1,4.861542053
1071,LSZ2,site,unidentified NA,unidentified NA 16 24,16,24,NA,2,50.13317811
1072,LSZ2,site,unidentified NA,unidentified NA 24 32,24,32,NA,1,73.36263625
1073,LSZ2,IC,unidentified NA,unidentified NA 12 32,12,32,NA,1,13.01742112
1074,LSZ2,FC,unidentified NA,unidentified NA 20 40,20,40,NA,1,45.49259907
1075,SJR2,site,unidentified NA,unidentified NA 16 32,16,32,NA,49,1343.304409
1076,SJR2,site,unidentified NA,unidentified NA 32 80,32,80,NA,7,1877.705078
1077,SJR2,IC,unidentified NA,unidentified NA 10 10,10,10,NA,6,18.1511586
1078,SJR2,FC,unidentified NA,unidentified NA 6 14,6,14,NA,7,11.02426542
1079,SJR2,FC,unidentified NA,unidentified NA 8 48,8,48,NA,2,18.49926287
1080,SJR2,FC,unidentified NA,unidentified NA 12 12,12,12,NA,6,30.36916282
1081,SJR2,FC,unidentified NA,unidentified NA 32 40,32,40,NA,1,110.3319304
1082,SJR2,T24,unidentified NA,unidentified NA 2 10,2,10,NA,1,0.23933705
1083,SJR2,T24,unidentified NA,unidentified NA 3 8,3,8,NA,28,9.497126176
1084,SJR2,T24,unidentified NA,unidentified NA 10 10,10,10,NA,1,3.367224602
1085,SJR2,T24,unidentified NA,unidentified NA 10 16,10,16,NA,6,18.07215465
1086,SJR2,T24,unidentified NA,unidentified NA 32 56,32,56,NA,1,150.5033361
1087,YBP2,site,unidentified NA,unidentified NA 8 24,8,24,NA,10,74.76330426
1088,YBP2,site,unidentified NA,unidentified NA 8 32,8,32,NA,1,16.49512661
1089,YBP2,site,unidentified NA,unidentified NA 16 24,16,24,NA,1,31.62443821
1090,YBP2,site,unidentified NA,unidentified NA 32 56,32,56,NA,4,946.7202886
1091,YBP2,IC,unidentified NA,unidentified NA 2 10,2,10,NA,4,1.303635044
1092,YBP2,IC,unidentified NA,unidentified NA 4 8,4,8,NA,6,3.295789186
1093,YBP2,IC,unidentified NA,unidentified NA 16 32,16,32,NA,1,30.4283495
1094,YBP2,IC,unidentified NA,unidentified NA 24 40,24,40,NA,5,362.1927902
1095,YBP2,IC,unidentified NA,unidentified NA 40 72,40,72,NA,1,362.1927902
1096,YBP2,FC,unidentified NA,unidentified NA 4 8,4,8,NA,11,12.92574904
1097,YBP2,FC,unidentified NA,unidentified NA 8 24,8,24,NA,19,401.2695574
1098,YBP2,FC,unidentified NA,unidentified NA 16 24,16,24,NA,12,531.6486313
1099,YBP2,T24,unidentified NA,unidentified NA 2 10,2,10,2,27,8.779986512
1100,YBP2,T24,unidentified NA,unidentified NA 4 8,4,8,NA,115,69.73080577
1101,YBP2,T24,unidentified NA,unidentified NA 6 14,6,14,NA,2,10.60160325
1102,YBP2,T24,unidentified NA,unidentified NA 16 24,16,24,NA,123,1456.605428
1103,YBP2,T24,unidentified NA,unidentified NA 16 40,16,40,NA,11,888.5083185
1104,SJR1,IC,unidentified rotifer,unidentified rotifer 48 120,48,120,NA,2,1275.006634
1105,SJR1,FC,unidentified rotifer,unidentified rotifer 56 80,56,80,NA,1,835.7800997
1106,WLD2,IC,unidentified rotifer,unidentified rotifer 40 64,40,64,NA,1,260.5505455
1107,WLD2,IC,unidentified rotifer,unidentified rotifer 48 120,48,120,NA,2,1217.946317
1108,WLD2,FC,unidentified rotifer,unidentified rotifer 32 48,32,48,NA,1,132.0901414
1109,WLD2,FC,unidentified rotifer,unidentified rotifer 40 112,40,112,NA,1,445.0385284
1110,WLD2,FC,unidentified rotifer,unidentified rotifer 48 120,48,120,NA,3,1869.89246
1111,YBP2,IC,unidentified rotifer,unidentified rotifer 24 40,24,40,NA,3,224.1939172
1112,YBP2,IC,unidentified rotifer,unidentified rotifer 32 48,32,48,NA,1,192.972246
1113,YBP2,IC,unidentified rotifer,unidentified rotifer 40 64,40,64,NA,1,326.0445147
1114,YBP2,IC,unidentified rotifer,unidentified rotifer 40 112,40,112,NA,1,650.1627108
1115,YBP2,FC,unidentified rotifer,unidentified rotifer 40 64,40,64,NA,3,1206.442749
1116,YBP2,FC,unidentified rotifer,unidentified rotifer 48 120,48,120,NA,1,1092.799364
1117,SJR1,site,unidentified round,unidentified round 5.5 5.5,5.5,5.5,NA,154,85.7671537
1118,SJR1,site,unidentified round,unidentified round 24.5 24.5,24.5,24.5,NA,35,1434.822234
1119,SJR1,site,unidentified round,unidentified round 40 40,40,40,NA,4,744.6885423
1120,SJR1,IC,unidentified round,unidentified round 5.5 5.5,5.5,5.5,NA,448,66.82304935
1121,SJR1,IC,unidentified round,unidentified round 9.5 9.5,9.5,9.5,NA,80,61.78349331
1122,SJR1,IC,unidentified round,unidentified round 14 14,14,14,NA,1,8.764360135
1123,SJR1,IC,unidentified round,unidentified round 24.5 24.5,24.5,24.5,NA,180,1903.903421
1124,SJR1,IC,unidentified round,unidentified round 64 64,64,64,NA,1,632.6041422
1125,SJR1,FC,unidentified round,unidentified round 5.5 5.5,5.5,5.5,NA,423,73.59921923
1126,SJR1,FC,unidentified round,unidentified round 9.5 9.5,9.5,9.5,NA,78,72.24626317
1127,SJR1,FC,unidentified round,unidentified round 14 14,14,14,NA,15,61.98628723
1128,SJR1,FC,unidentified round,unidentified round 24.5 24.5,24.5,24.5,NA,39,507.6135444
1129,SJR1,FC,unidentified round,unidentified round 48 48,48,48,NA,3,1086.592836
1130,SJR1,FC,unidentified round,unidentified round 64 64,64,64,NA,1,628.4649656
1131,SJR1,T24,unidentified round,unidentified round 5.5 5.5,5.5,5.5,NA,365,61.97930987
1132,SJR1,T24,unidentified round,unidentified round 9.5 9.5,9.5,9.5,NA,44,39.56087391
1133,SJR1,T24,unidentified round,unidentified round 14 14,14,14,NA,11,31.99188374
1134,SJR1,T24,unidentified round,unidentified round 24.5 24.5,24.5,24.5,NA,205,2407.364836
1135,SJR1,T24,unidentified round,unidentified round 40 40,40,40,NA,4,697.6753768
1136,SJR1,T24,unidentified round,unidentified round 48 48,48,48,NA,4,1039.690609
1137,YBP1,site,unidentified round,unidentified round 5.5 5.5,5.5,5.5,NA,242,172.6590853
1138,YBP1,site,unidentified round,unidentified round 9.5 9.5,9.5,9.5,NA,62,224.1239683
1139,YBP1,site,unidentified round,unidentified round 14 14,14,14,NA,25,284.7694887
1140,YBP1,site,unidentified round,unidentified round 24.5 24.5,24.5,24.5,NA,18,1011.96817
1141,YBP1,site,unidentified round,unidentified round 48 48,48,48,NA,2,854.887255
1142,YBP1,site,unidentified round,unidentified round 56 56,56,56,NA,3,1931.290664
1143,YBP1,site,unidentified round,unidentified round 64 64,64,64,NA,1,1002.753295
1144,YBP1,IC,unidentified round,unidentified round 5.5 5.5,5.5,5.5,NA,534,81.20832635
1145,YBP1,IC,unidentified round,unidentified round 9.5 9.5,9.5,9.5,NA,47,38.68065011
1146,YBP1,IC,unidentified round,unidentified round 16 16,16,16,NA,1,12.83745642
1147,YBP1,IC,unidentified round,unidentified round 24.5 24.5,24.5,24.5,NA,20,250.0945047
1148,YBP1,FC,unidentified round,unidentified round 5.5 5.5,5.5,5.5,NA,661,95.36651354
1149,YBP1,FC,unidentified round,unidentified round 9.5 9.5,9.5,9.5,NA,53,41.36779445
1150,YBP1,FC,unidentified round,unidentified round 24.5 24.5,24.5,24.5,NA,23,275.5110863
1151,YBP1,T24,unidentified round,unidentified round 5.5 5.5,5.5,5.5,NA,728,107.4912257
1152,YBP1,T24,unidentified round,unidentified round 9.5 9.5,9.5,9.5,NA,43,34.92133891
1153,YBP1,T24,unidentified round,unidentified round 24.5 24.5,24.5,24.5,NA,40,464.4037131
1154,WLD2,site,unidentified round,unidentified round 5.5 5.5,5.5,5.5,NA,108,75.84248843
1155,WLD2,site,unidentified round,unidentified round 9.5 9.5,9.5,9.5,NA,70,235.3533731
1156,WLD2,site,unidentified round,unidentified round 24.5 24.5,24.5,24.5,NA,72,3485.315078
1157,WLD2,site,unidentified round,unidentified round 28 28,28,28,NA,2,175.4839136
1158,WLD2,IC,unidentified round,unidentified round 5.5 5.5,5.5,5.5,NA,376,57.97787985
1159,WLD2,IC,unidentified round,unidentified round 9.5 9.5,9.5,9.5,NA,64,51.21807364
1160,WLD2,IC,unidentified round,unidentified round 24.5 24.5,24.5,24.5,NA,49,570.4663096
1161,WLD2,IC,unidentified round,unidentified round 48 48,48,48,NA,4,987.7104397
1162,WLD2,FC,unidentified round,unidentified round 5.5 5.5,5.5,5.5,NA,941,142.0634712
1163,WLD2,FC,unidentified round,unidentified round 9.5 9.5,9.5,9.5,NA,111,88.81277712
1164,WLD2,FC,unidentified round,unidentified round 14 14,14,14,NA,10,40.11938499
1165,WLD2,FC,unidentified round,unidentified round 24.5 24.5,24.5,24.5,NA,149,1688.479529
1166,WLD2,FC,unidentified round,unidentified round 28 28,28,28,NA,8,455.8767359
1167,WLD2,T24,unidentified round,unidentified round 5.5 5.5,5.5,5.5,NA,750,108.3155184
1168,WLD2,T24,unidentified round,unidentified round 9.5 9.5,9.5,9.5,NA,54,42.30898999
1169,WLD2,T24,unidentified round,unidentified round 14 14,14,14,NA,11,42.39207948
1170,WLD2,T24,unidentified round,unidentified round 24.5 24.5,24.5,24.5,NA,139,2177.129703
1171,WLD2,T24,unidentified round,unidentified round 28 28,28,28,NA,5,270.0579042
1172,LSZ2,site,unidentified round,unidentified round 5.5 5.5,5.5,5.5,NA,119,78.45898411
1173,LSZ2,site,unidentified round,unidentified round 9.5 9.5,9.5,9.5,NA,112,345.5934533
1174,LSZ2,site,unidentified round,unidentified round 14 14,14,14,NA,14,146.2040117
1175,LSZ2,site,unidentified round,unidentified round 16 16,16,16,NA,2,34.25906805
1176,LSZ2,site,unidentified round,unidentified round 24.5 24.5,24.5,24.5,NA,40,1895.472898
1177,LSZ2,site,unidentified round,unidentified round 40 40,40,40,NA,3,662.4029247
1178,LSZ2,IC,unidentified round,unidentified round 5.5 5.5,5.5,5.5,NA,402,59.33075455
1179,LSZ2,IC,unidentified round,unidentified round 9.5 9.5,9.5,9.5,NA,33,26.34535537
1180,LSZ2,IC,unidentified round,unidentified round 24.5 24.5,24.5,24.5,NA,4,154.3170569
1181,LSZ2,FC,unidentified round,unidentified round 5.5 5.5,5.5,5.5,NA,350,54.46690083
1182,LSZ2,FC,unidentified round,unidentified round 9.5 9.5,9.5,9.5,NA,63,50.40437721
1183,LSZ2,FC,unidentified round,unidentified round 16 16,16,16,NA,1,12.65546412
1184,LSZ2,FC,unidentified round,unidentified round 24.5 24.5,24.5,24.5,NA,8,296.1791233
1185,LSZ2,T24,unidentified round,unidentified round 5.5 5.5,5.5,5.5,NA,381,59.87144848
1186,LSZ2,T24,unidentified round,unidentified round 9.5 9.5,9.5,9.5,NA,33,27.93357862
1187,LSZ2,T24,unidentified round,unidentified round 24.5 24.5,24.5,24.5,NA,8,156.641732
1188,SJR2,site,unidentified round,unidentified round 5.5 5.5,5.5,5.5,NA,142,93.97397897
1189,SJR2,site,unidentified round,unidentified round 9.5 9.5,9.5,9.5,NA,29,98.5930451
1190,SJR2,site,unidentified round,unidentified round 24.5 24.5,24.5,24.5,NA,18,908.6338378
1191,SJR2,site,unidentified round,unidentified round 56 56,56,56,NA,1,618.0915925
1192,SJR2,IC,unidentified round,unidentified round 5.5 5.5,5.5,5.5,NA,497,75.77578542
1193,SJR2,IC,unidentified round,unidentified round 9.5 9.5,9.5,9.5,NA,98,76.94775162
1194,SJR2,IC,unidentified round,unidentified round 14 14,14,14,NA,8,31.96858941
1195,SJR2,IC,unidentified round,unidentified round 24.5 24.5,24.5,24.5,NA,35,421.7523401
1196,SJR2,IC,unidentified round,unidentified round 28 28,28,28,NA,4,225.527151
1197,SJR2,FC,unidentified round,unidentified round 5.5 5.5,5.5,5.5,NA,277,43.64441684
1198,SJR2,FC,unidentified round,unidentified round 9.5 9.5,9.5,9.5,NA,53,43.15888678
1199,SJR2,FC,unidentified round,unidentified round 24.5 24.5,24.5,24.5,NA,7,136.5626239
1200,SJR2,T24,unidentified round,unidentified round 5.5 5.5,5.5,5.5,NA,146,23.92221362
1201,SJR2,T24,unidentified round,unidentified round 9.5 9.5,9.5,9.5,NA,24,20.5133643
1202,SJR2,T24,unidentified round,unidentified round 24.5 24.5,24.5,24.5,NA,6,117.9157641
1203,SJR2,T24,unidentified round,unidentified round 80 80,80,80,NA,1,1180.931809
1204,YBP2,site,unidentified round,unidentified round 5.5 5.5,5.5,5.5,NA,32,27.64424045
1205,YBP2,site,unidentified round,unidentified round 9.5 9.5,9.5,9.5,NA,16,67.23310919
1206,YBP2,site,unidentified round,unidentified round 14 14,14,14,NA,10,128.9168877
1207,YBP2,site,unidentified round,unidentified round 24.5 24.5,24.5,24.5,NA,90,4908.872044
1208,YBP2,site,unidentified round,unidentified round 28 28,28,28,NA,2,200.4372687
1209,YBP2,site,unidentified round,unidentified round 40 40,40,40,NA,16,3857.791884
1210,YBP2,site,unidentified round,unidentified round 48 48,48,48,NA,1,477.2255658
1211,YBP2,IC,unidentified round,unidentified round 5.5 5.5,5.5,5.5,NA,312,64.5432076
1212,YBP2,IC,unidentified round,unidentified round 9.5 9.5,9.5,9.5,NA,201,198.4110805
1213,YBP2,IC,unidentified round,unidentified round 14 14,14,14,NA,52,162.7212871
1214,YBP2,IC,unidentified round,unidentified round 24.5 24.5,24.5,24.5,NA,75,1132.453657
1215,YBP2,IC,unidentified round,unidentified round 48 48,48,48,NA,1,413.2322769
1216,YBP2,FC,unidentified round,unidentified round 5.5 5.5,5.5,5.5,NA,408,192.354561
1217,YBP2,FC,unidentified round,unidentified round 9.5 9.5,9.5,9.5,NA,88,176.615417
1218,YBP2,FC,unidentified round,unidentified round 14 14,14,14,NA,53,307.4877946
1219,YBP2,FC,unidentified round,unidentified round 24.5 24.5,24.5,24.5,NA,106,3804.914501
1220,YBP2,FC,unidentified round,unidentified round 28 28,28,28,NA,8,1201.056668
1221,YBP2,T24,unidentified round,unidentified round 5.5 5.5,5.5,5.5,NA,707,244.1203606
1222,YBP2,T24,unidentified round,unidentified round 9.5 9.5,9.5,9.5,NA,144,218.3466263
1223,YBP2,T24,unidentified round,unidentified round 14 14,14,14,NA,25,171.9442663
1224,YBP2,T24,unidentified round,unidentified round 24.5 24.5,24.5,24.5,NA,63,1941.136798
1225,YBP2,T24,unidentified round,unidentified round 40 40,40,40,NA,2,1001.825932
1226,WLD2,site,unidentified triangle,unidentified triangle 6 8,6,8,NA,7,5.071955225