samp_ev,exp,grp_typ,category,sa,la,wi,tot_ct,bmn_pgml,mn_ct
LSZ2,FC,chlorophyte colonial,chlorophyte colonial 10 10,10,10,,4,12,1.3
LSZ2,FC,chlorophyte colonial,chlorophyte colonial 32 32,32,32,,1,89,0.3
LSZ2,FC,chlorophyte scenedesmus,chlorophyte scenedesmus 14 20,14,20,,3,34,1.0
LSZ2,FC,chlorophyte scenedesmus,chlorophyte scenedesmus 4 6,4,6,,6,1,2.0
LSZ2,FC,ciliate cone,ciliate cone 24 24,24,24,,575,5626,191.7
LSZ2,FC,ciliate cone,ciliate cone 32 36,32,36,,2,165,0.7
LSZ2,FC,ciliate cone,ciliate cone 40 48,40,48,,5,424,1.7
LSZ2,FC,ciliate oblong,ciliate oblong 40 56,40,56,,1,398,0.3
LSZ2,FC,ciliate round,ciliate round 14 14,14,14,,54,221,18.0
LSZ2,FC,ciliate round,ciliate round 24 24,24,24,,18,547,6.0
LSZ2,FC,ciliate round,ciliate round 5.5 5.5,5.5,5.5,,5,2,1.7
LSZ2,FC,ciliate round,ciliate round 9.5 9.5,9.5,9.5,,76,98,25.3
LSZ2,FC,cyanobacteria aphanizomenon,cyanobacteria aphanizomenon 8 80,8,80,,12,381,4.0
LSZ2,FC,diatom centric,diatom centric 14 14,14,14,,138,128,46.0
LSZ2,FC,diatom centric,diatom centric 24.5 24.5,24.5,24.5,,1897,5688,632.3
LSZ2,FC,diatom centric,diatom centric 40 40,40,40,,12,632,4.0
LSZ2,FC,diatom centric,diatom centric 5.5 5.5,5.5,5.5,,338,34,112.7
LSZ2,FC,diatom centric,diatom centric 9.5 9.5,9.5,9.5,,1028,270,342.7
LSZ2,FC,diatom chain,diatom chain 12 128,12,128,,1,24,0.3
LSZ2,FC,diatom chain,diatom chain 4 64,4,64,,3,5,1.0
LSZ2,FC,diatom chain,diatom chain 6 248,6,248,,1,12,0.3
LSZ2,FC,diatom chain,diatom chain 8 120,8,120,,6,53,2.0
LSZ2,FC,diatom chain,diatom chain 8 160,8,160,8,14,66,4.7
LSZ2,FC,diatom chain,diatom chain 8 408,8,408,,1,32,0.3
LSZ2,FC,diatom pennate,diatom pennate 1 20,1,20,1,34,1,11.3
LSZ2,FC,diatom pennate,diatom pennate 2 20,2,20,2,128,8,42.7
LSZ2,FC,diatom pennate,diatom pennate 3 20,3,20,3,15,4,5.0
LSZ2,FC,diatom pennate,diatom pennate 6 160,6,160,6,1,8,0.3
LSZ2,FC,diatom pennate fragillaria,diatom pennate fragillaria 64 80,64,80,64,1,298,0.3
LSZ2,FC,diatom pennate pleurosigma,diatom pennate pleurosigma 16 184,16,184,16,3,95,1.0
LSZ2,FC,dinoflagellate peridinium,dinoflagellate peridinium 20 20,20,20,20,29,199,9.7
LSZ2,FC,flagellate cryptomonas,flagellate cryptomonas 16 24,16,24,,33,255,11.0
LSZ2,FC,flagellate cryptomonas,flagellate cryptomonas 3.67 5.5,3.67,5.5,,1367,91,455.7
LSZ2,FC,flagellate cryptomonas,flagellate cryptomonas 6.33 9.5,6.33,9.5,,387,131,129.0
LSZ2,FC,flagellate cryptomonas,flagellate cryptomonas 8 24,8,24,,16,68,5.3
LSZ2,FC,flagellate cryptomonas,flagellate cryptomonas 9 14,9,14,,176,173,58.7
LSZ2,FC,flagellate other,flagellate other 3.67 5.5,3.67,5.5,,400,29,133.3
LSZ2,FC,flagellate other,flagellate other 6.33 9.5,6.33,9.5,,61,23,20.3
LSZ2,FC,flagellate other,flagellate other 9 14,9,14,,2,4,0.7
LSZ2,FC,tintinnid agglutinated,tintinnid agglutinated 20 40,20,40,,6,245,2.0
LSZ2,FC,tintinnid agglutinated,tintinnid agglutinated 24 56,24,56,,13,511,4.3
LSZ2,FC,unidentified flagchloro,unidentified flagchloro 3 26,3,26,,25,26,8.3
LSZ2,FC,unidentified flagchloro,unidentified flagchloro 4 26,4,26,,57,50,19.0
LSZ2,FC,unidentified NA,unidentified NA 20 40,20,40,,1,45,0.3
LSZ2,FC,unidentified round,unidentified round 16 16,16,16,,1,13,0.3
LSZ2,FC,unidentified round,unidentified round 24.5 24.5,24.5,24.5,,8,296,2.7
LSZ2,FC,unidentified round,unidentified round 5.5 5.5,5.5,5.5,,350,54,116.7
LSZ2,FC,unidentified round,unidentified round 9.5 9.5,9.5,9.5,,63,50,21.0
LSZ2,IC,chlorophyte colonial,chlorophyte colonial 32 104,32,104,,1,89,0.3
LSZ2,IC,chlorophyte colonial,chlorophyte colonial 40 40,40,40,,1,167,0.3
LSZ2,IC,chlorophyte pediastrum,chlorophyte pediastrum 40 40,40,40,40,1,225,0.3
LSZ2,IC,chlorophyte scenedesmus,chlorophyte scenedesmus 4 6,4,6,,5,2,1.7
LSZ2,IC,chlorophyte scenedesmus,chlorophyte scenedesmus 8 10,8,10,,2,4,0.7
LSZ2,IC,ciliate cone,ciliate cone 24 24,24,24,,160,1549,53.3
LSZ2,IC,ciliate round,ciliate round 14 14,14,14,,17,69,5.7
LSZ2,IC,ciliate round,ciliate round 24 24,24,24,,2,124,0.7
LSZ2,IC,ciliate round,ciliate round 5.5 5.5,5.5,5.5,,7,2,2.3
LSZ2,IC,ciliate round,ciliate round 9.5 9.5,9.5,9.5,,15,19,5.0
LSZ2,IC,cyanobacteria aphanizomenon,cyanobacteria aphanizomenon 4 80,4,80,,10,79,3.3
LSZ2,IC,diatom centric,diatom centric 14 14,14,14,,107,99,35.7
LSZ2,IC,diatom centric,diatom centric 24.5 24.5,24.5,24.5,,1956,5685,652.0
LSZ2,IC,diatom centric,diatom centric 5.5 5.5,5.5,5.5,,249,17,83.0
LSZ2,IC,diatom centric,diatom centric 9.5 9.5,9.5,9.5,,1024,261,341.3
LSZ2,IC,diatom chain,diatom chain 4 160,4,160,,6,19,2.0
LSZ2,IC,diatom chain,diatom chain 8 144,8,144,,10,97,3.3
LSZ2,IC,diatom chain,diatom chain 8 200,8,200,,10,68,3.3
LSZ2,IC,diatom pennate,diatom pennate 2 10,2,10,2,8,1,2.7
LSZ2,IC,diatom pennate,diatom pennate 2 16,2,16,2,52,5,17.3
LSZ2,IC,diatom pennate,diatom pennate 2 20,2,20,2,260,14,86.7
LSZ2,IC,diatom pennate,diatom pennate 6 120,6,120,,2,12,0.7
LSZ2,IC,diatom pennate,diatom pennate 6 80,6,80,,4,8,1.3
LSZ2,IC,diatom pennate,diatom pennate 8 144,8,144,8,5,28,1.7
LSZ2,IC,diatom pennate fragillaria,diatom pennate fragillaria 16 48,16,48,16,1,17,0.3
LSZ2,IC,diatom pennate fragillaria,diatom pennate fragillaria 48 64,48,64,48,1,136,0.3
LSZ2,IC,diatom pennate pleurosigma,diatom pennate pleurosigma 4 64,4,64,4,1,1,0.3
LSZ2,IC,diatom pennate pleurosigma,diatom pennate pleurosigma 8 80,8,80,8,1,5,0.3
LSZ2,IC,dinoflagellate peridinium,dinoflagellate peridinium 20 24,20,24,20,13,288,4.3
LSZ2,IC,dinoflagellate peridinium,dinoflagellate peridinium 24 24,24,24,24,16,279,5.3
LSZ2,IC,flagellate cryptomonas,flagellate cryptomonas 16 24,16,24,,33,246,11.0
LSZ2,IC,flagellate cryptomonas,flagellate cryptomonas 3.67 5.5,3.67,5.5,,1367,88,455.7
LSZ2,IC,flagellate cryptomonas,flagellate cryptomonas 6.33 9.5,6.33,9.5,,466,150,155.3
LSZ2,IC,flagellate cryptomonas,flagellate cryptomonas 8 24,8,24,,39,157,13.0
LSZ2,IC,flagellate cryptomonas,flagellate cryptomonas 9 14,9,14,,148,143,49.3
LSZ2,IC,flagellate other,flagellate other 3.67 5.5,3.67,5.5,,383,27,127.7
LSZ2,IC,flagellate other,flagellate other 6.33 9.5,6.33,9.5,,38,14,12.7
LSZ2,IC,flagellate other,flagellate other 9 14,9,14,,7,24,2.3
LSZ2,IC,tintinnid agglutinated,tintinnid agglutinated 24 56,24,56,,2,168,0.7
LSZ2,IC,tintinnid agglutinated,tintinnid agglutinated 32 64,32,64,,1,171,0.3
LSZ2,IC,unidentified flagchloro,unidentified flagchloro 4 8,4,8,,2,1,0.7
LSZ2,IC,unidentified NA,unidentified NA 12 32,12,32,,1,13,0.3
LSZ2,IC,unidentified round,unidentified round 24.5 24.5,24.5,24.5,,4,154,1.3
LSZ2,IC,unidentified round,unidentified round 5.5 5.5,5.5,5.5,,402,59,134.0
LSZ2,IC,unidentified round,unidentified round 9.5 9.5,9.5,9.5,,33,26,11.0
LSZ2,T24,chlorophyte colonial,chlorophyte colonial 4 4,4,4,,2,0,0.7
LSZ2,T24,chlorophyte other,chlorophyte other 10 10,10,10,,1,3,0.3
LSZ2,T24,chlorophyte scenedesmus,chlorophyte scenedesmus 10 16,10,16,,4,20,1.3
LSZ2,T24,chlorophyte scenedesmus,chlorophyte scenedesmus 16 24,16,24,,1,19,0.3
LSZ2,T24,ciliate cone,ciliate cone 24 24,24,24,,102,1029,34.0
LSZ2,T24,ciliate cone,ciliate cone 32 56,32,56,,1,134,0.3
LSZ2,T24,ciliate round,ciliate round 14 14,14,14,,17,71,5.7
LSZ2,T24,ciliate round,ciliate round 24 24,24,24,,3,192,1.0
LSZ2,T24,ciliate round,ciliate round 40 40,40,40,,4,1153,1.3
LSZ2,T24,ciliate round,ciliate round 48 48,48,48,,3,1442,1.0
LSZ2,T24,ciliate round,ciliate round 5.5 5.5,5.5,5.5,,3,1,1.0
LSZ2,T24,ciliate round,ciliate round 9.5 9.5,9.5,9.5,,25,33,8.3
LSZ2,T24,cyanobacteria aphanizomenon,cyanobacteria aphanizomenon 4 80,4,80,,11,90,3.7
LSZ2,T24,cyanobacteria aphanizomenon,cyanobacteria aphanizomenon 8 120,8,120,,1,48,0.3
LSZ2,T24,cyanobacteria aphanizomenon,cyanobacteria aphanizomenon 8 80,8,80,,5,159,1.7
LSZ2,T24,diatom centric,diatom centric 14 14,14,14,,49,51,16.3
LSZ2,T24,diatom centric,diatom centric 24.5 24.5,24.5,24.5,,347,1276,115.7
LSZ2,T24,diatom centric,diatom centric 5.5 5.5,5.5,5.5,,136,11,45.3
LSZ2,T24,diatom centric,diatom centric 9.5 9.5,9.5,9.5,,203,65,67.7
LSZ2,T24,diatom chain,diatom chain 8 136,8,136,8,2,28,0.7
LSZ2,T24,diatom pennate,diatom pennate 2 20,2,20,2,159,7,53.0
LSZ2,T24,diatom pennate,diatom pennate 4 20,4,20,4,9,5,3.0
LSZ2,T24,diatom pennate,diatom pennate 4 96,4,96,4,1,3,0.3
LSZ2,T24,diatom pennate,diatom pennate 8 48,8,48,,1,5,0.3
LSZ2,T24,dinoflagellate peridinium,dinoflagellate peridinium 16 16,16,16,16,1,13,0.3
LSZ2,T24,dinoflagellate peridinium,dinoflagellate peridinium 24 24,24,24,24,1,41,0.3
LSZ2,T24,flagellate cryptomonas,flagellate cryptomonas 3.67 5.5,3.67,5.5,,856,60,285.3
LSZ2,T24,flagellate cryptomonas,flagellate cryptomonas 6.33 9.5,6.33,9.5,,190,68,63.3
LSZ2,T24,flagellate cryptomonas,flagellate cryptomonas 9 14,9,14,,16,27,5.3
LSZ2,T24,flagellate other,flagellate other 3.67 5.5,3.67,5.5,,336,25,112.0
LSZ2,T24,flagellate other,flagellate other 6.33 9.5,6.33,9.5,,17,10,5.7
LSZ2,T24,flagellate other,flagellate other 9 14,9,14,,2,7,0.7
LSZ2,T24,unidentified flagchloro,unidentified flagchloro 3 26,3,26,,42,42,14.0
LSZ2,T24,unidentified flagchloro,unidentified flagchloro 4 26,4,26,,84,144,28.0
LSZ2,T24,unidentified round,unidentified round 24.5 24.5,24.5,24.5,,8,157,2.7
LSZ2,T24,unidentified round,unidentified round 5.5 5.5,5.5,5.5,,381,60,127.0
LSZ2,T24,unidentified round,unidentified round 9.5 9.5,9.5,9.5,,33,28,11.0
SJR1,FC,chlorophyte colonial,chlorophyte colonial 12 12,12,12,,1,6,0.3
SJR1,FC,chlorophyte colonial,chlorophyte colonial 24 24,24,24,,2,76,0.7
SJR1,FC,chlorophyte colonial,chlorophyte colonial 8 8,8,8,,6,11,2.0
SJR1,FC,chlorophyte scenedesmus,chlorophyte scenedesmus 4 8,4,8,,3,1,1.0
SJR1,FC,ciliate cone,ciliate cone 24 24,24,24,,275,3144,91.7
SJR1,FC,ciliate cone,ciliate cone 32 36,32,36,,5,453,1.7
SJR1,FC,ciliate round,ciliate round 14 14,14,14,,186,863,62.0
SJR1,FC,ciliate round,ciliate round 24 24,24,24,,12,377,4.0
SJR1,FC,ciliate round,ciliate round 48 48,48,48,,1,487,0.3
SJR1,FC,ciliate round,ciliate round 5.5 5.5,5.5,5.5,,112,30,37.3
SJR1,FC,ciliate round,ciliate round 9.5 9.5,9.5,9.5,,71,109,23.7
SJR1,FC,cyanobacteria aphanizomenon,cyanobacteria aphanizomenon 8 120,8,120,,6,317,2.0
SJR1,FC,cyanobacteria aphanizomenon,cyanobacteria aphanizomenon 8 80,8,80,,3,95,1.0
SJR1,FC,diatom centric,diatom centric 14 14,14,14,,93,104,31.0
SJR1,FC,diatom centric,diatom centric 24.5 24.5,24.5,24.5,,871,3460,290.3
SJR1,FC,diatom centric,diatom centric 48 48,48,48,,3,335,1.0
SJR1,FC,diatom centric,diatom centric 5.5 5.5,5.5,5.5,,385,30,128.3
SJR1,FC,diatom centric,diatom centric 9.5 9.5,9.5,9.5,,744,215,248.0
SJR1,FC,diatom pennate,diatom pennate 16 104,16,104,16,1,45,0.3
SJR1,FC,diatom pennate,diatom pennate 2 20,2,20,2,39,2,13.0
SJR1,FC,diatom pennate,diatom pennate 4 12,4,12,4,21,9,7.0
SJR1,FC,diatom pennate,diatom pennate 8 32,8,32,8,1,5,0.3
SJR1,FC,diatom pennate,diatom pennate 8 56,8,56,,2,7,0.7
SJR1,FC,diatom pennate,diatom pennate 8 64,8,64,8,1,7,0.3
SJR1,FC,flagellate other,flagellate other 3.67 5.5,3.67,5.5,,446,34,148.7
SJR1,FC,flagellate other,flagellate other 6.33 9.5,6.33,9.5,,80,34,26.7
SJR1,FC,flagellate other,flagellate other 9 14,9,14,,61,68,20.3
SJR1,FC,ochrophyte synura,ochrophyte synura 16 16,16,16,,2,13,0.7
SJR1,FC,unidentified flagchloro,unidentified flagchloro 4 26,4,26,,39,75,13.0
SJR1,FC,unidentified NA,unidentified NA 16 80,16,80,,1,57,0.3
SJR1,FC,unidentified rotifer,unidentified rotifer 56 80,56,80,,1,836,0.3
SJR1,FC,unidentified round,unidentified round 14 14,14,14,,15,62,5.0
SJR1,FC,unidentified round,unidentified round 24.5 24.5,24.5,24.5,,39,508,13.0
SJR1,FC,unidentified round,unidentified round 48 48,48,48,,3,1087,1.0
SJR1,FC,unidentified round,unidentified round 5.5 5.5,5.5,5.5,,423,74,141.0
SJR1,FC,unidentified round,unidentified round 64 64,64,64,,1,628,0.3
SJR1,FC,unidentified round,unidentified round 9.5 9.5,9.5,9.5,,78,72,26.0
SJR1,IC,chlorophyte other,chlorophyte other 10 10,10,10,,6,18,2.0
SJR1,IC,chlorophyte scenedesmus,chlorophyte scenedesmus 4 4,4,4,,3,1,1.0
SJR1,IC,chlorophyte scenedesmus,chlorophyte scenedesmus 4 8,4,8,,7,3,2.3
SJR1,IC,ciliate cone,ciliate cone 24 24,24,24,,261,2479,87.0
SJR1,IC,ciliate cone,ciliate cone 32 36,32,36,,3,222,1.0
SJR1,IC,ciliate other odd shape,ciliate other odd shape 32 136,32,136,,1,616,0.3
SJR1,IC,ciliate round,ciliate round 14 14,14,14,,75,290,25.0
SJR1,IC,ciliate round,ciliate round 24 24,24,24,,13,400,4.3
SJR1,IC,ciliate round,ciliate round 48 48,48,48,,1,439,0.3
SJR1,IC,ciliate round,ciliate round 5.5 5.5,5.5,5.5,,6,2,2.0
SJR1,IC,ciliate round,ciliate round 56 56,56,56,,2,1530,0.7
SJR1,IC,ciliate round,ciliate round 9.5 9.5,9.5,9.5,,88,110,29.3
SJR1,IC,cyanobacteria aphanizomenon,cyanobacteria aphanizomenon 6 72,6,72,,1,16,0.3
SJR1,IC,cyanobacteria aphanizomenon,cyanobacteria aphanizomenon 8 80,8,80,,16,458,5.3
SJR1,IC,cyanobacteria dolichospermum,cyanobacteria dolichospermum 4 80,4,80,,15,120,5.0
SJR1,IC,cyanobacteria dolichospermum,cyanobacteria dolichospermum 8 40,8,40,,1,16,0.3
SJR1,IC,diatom centric,diatom centric 14 14,14,14,,17,20,5.7
SJR1,IC,diatom centric,diatom centric 24.5 24.5,24.5,24.5,,1700,4922,566.7
SJR1,IC,diatom centric,diatom centric 48 48,48,48,,4,392,1.3
SJR1,IC,diatom centric,diatom centric 5.5 5.5,5.5,5.5,,196,14,65.3
SJR1,IC,diatom centric,diatom centric 9.5 9.5,9.5,9.5,,748,200,249.3
SJR1,IC,diatom chain,diatom chain 16 160,16,160,,1,48,0.3
SJR1,IC,diatom chain,diatom chain 24 64,24,64,,1,39,0.3
SJR1,IC,diatom chain,diatom chain 8 200,8,200,,1,15,0.3
SJR1,IC,diatom pennate,diatom pennate 1 20,1,20,1,11,0,3.7
SJR1,IC,diatom pennate,diatom pennate 2 20,2,20,2,23,3,7.7
SJR1,IC,diatom pennate,diatom pennate 20 56,20,56,20,2,47,0.7
SJR1,IC,diatom pennate pleurosigma,diatom pennate pleurosigma 6 88,6,88,6,2,6,0.7
SJR1,IC,flagellate NA,flagellate NA 16 32,16,32,,1,24,0.3
SJR1,IC,flagellate other,flagellate other 3.67 5.5,3.67,5.5,,239,17,79.7
SJR1,IC,flagellate other,flagellate other 6.33 9.5,6.33,9.5,,131,45,43.7
SJR1,IC,flagellate other,flagellate other 9 14,9,14,,10,11,3.3
SJR1,IC,ochrophyte synura,ochrophyte synura 32 32,32,32,,1,90,0.3
SJR1,IC,unidentified flagchloro,unidentified flagchloro 4 20,4,20,,31,43,10.3
SJR1,IC,unidentified NA,unidentified NA 16 40,16,40,,3,76,1.0
SJR1,IC,unidentified NA,unidentified NA 32 56,32,56,,4,559,1.3
SJR1,IC,unidentified NA,unidentified NA 6 32,6,32,,30,94,10.0
SJR1,IC,unidentified rotifer,unidentified rotifer 48 120,48,120,,2,1275,0.7
SJR1,IC,unidentified round,unidentified round 14 14,14,14,,1,9,0.3
SJR1,IC,unidentified round,unidentified round 24.5 24.5,24.5,24.5,,180,1904,60.0
SJR1,IC,unidentified round,unidentified round 5.5 5.5,5.5,5.5,,448,67,149.3
SJR1,IC,unidentified round,unidentified round 64 64,64,64,,1,633,0.3
SJR1,IC,unidentified round,unidentified round 9.5 9.5,9.5,9.5,,80,62,26.7
SJR1,T24,chlorophyte colonial,chlorophyte colonial 32 32,32,32,,1,101,0.3
SJR1,T24,chlorophyte scenedesmus,chlorophyte scenedesmus 4 8,4,8,,3,2,1.0
SJR1,T24,chlorophyte scenedesmus,chlorophyte scenedesmus 6 8,6,8,,11,11,3.7
SJR1,T24,ciliate cone,ciliate cone 24 24,24,24,,77,820,25.7
SJR1,T24,ciliate round,ciliate round 14 14,14,14,,41,183,13.7
SJR1,T24,ciliate round,ciliate round 24 24,24,24,,10,221,3.3
SJR1,T24,ciliate round,ciliate round 5.5 5.5,5.5,5.5,,6,2,2.0
SJR1,T24,ciliate round,ciliate round 9.5 9.5,9.5,9.5,,24,34,8.0
SJR1,T24,cyanobacteria aphanizomenon,cyanobacteria aphanizomenon 4 128,4,128,,8,58,2.7
SJR1,T24,cyanobacteria aphanizomenon,cyanobacteria aphanizomenon 4 80,4,80,,10,80,3.3
SJR1,T24,cyanobacteria dolichospermum,cyanobacteria dolichospermum 6 40,6,40,,1,10,0.3
SJR1,T24,cyanobacteria dolichospermum,cyanobacteria dolichospermum 8 40,8,40,,11,177,3.7
SJR1,T24,diatom centric,diatom centric 14 14,14,14,,33,39,11.0
SJR1,T24,diatom centric,diatom centric 24.5 24.5,24.5,24.5,,376,1465,125.3
SJR1,T24,diatom centric,diatom centric 40 40,40,40,,1,72,0.3
SJR1,T24,diatom centric,diatom centric 5.5 5.5,5.5,5.5,,223,18,74.3
SJR1,T24,diatom centric,diatom centric 9.5 9.5,9.5,9.5,,244,83,81.3
SJR1,T24,diatom pennate,diatom pennate 2 18,2,18,2,35,4,11.7
SJR1,T24,diatom pennate,diatom pennate 4 10,4,10,4,6,2,2.0
SJR1,T24,diatom pennate,diatom pennate 4 12,4,12,4,25,8,8.3
SJR1,T24,diatom pennate,diatom pennate 4 20,4,20,4,10,6,3.3
SJR1,T24,diatom pennate,diatom pennate 6 56,6,56,6,1,3,0.3
SJR1,T24,diatom pennate,diatom pennate 6 72,6,72,6,1,5,0.3
SJR1,T24,flagellate NA,flagellate NA 16 32,16,32,,1,25,0.3
SJR1,T24,flagellate other,flagellate other 3.67 5.5,3.67,5.5,,401,30,133.7
SJR1,T24,flagellate other,flagellate other 6.33 9.5,6.33,9.5,,146,53,48.7
SJR1,T24,flagellate other,flagellate other 9 14,9,14,,9,11,3.0
SJR1,T24,unidentified flagchloro,unidentified flagchloro 4 12,4,12,,201,90,67.0
SJR1,T24,unidentified NA,unidentified NA 16 32,16,32,,29,580,9.7
SJR1,T24,unidentified NA,unidentified NA 16 80,16,80,,3,183,1.0
SJR1,T24,unidentified NA,unidentified NA 8 24,8,24,,15,73,5.0
SJR1,T24,unidentified NA,unidentified NA 8 48,8,48,,14,131,4.7
SJR1,T24,unidentified round,unidentified round 14 14,14,14,,11,32,3.7
SJR1,T24,unidentified round,unidentified round 24.5 24.5,24.5,24.5,,205,2407,68.3
SJR1,T24,unidentified round,unidentified round 40 40,40,40,,4,698,1.3
SJR1,T24,unidentified round,unidentified round 48 48,48,48,,4,1040,1.3
SJR1,T24,unidentified round,unidentified round 5.5 5.5,5.5,5.5,,365,62,121.7
SJR1,T24,unidentified round,unidentified round 9.5 9.5,9.5,9.5,,44,40,14.7
SJR2,FC,chlorophyte colonial,chlorophyte colonial 10 10,10,10,,13,38,4.3
SJR2,FC,chlorophyte scenedesmus,chlorophyte scenedesmus 12 16,12,16,,1,7,0.3
SJR2,FC,chlorophyte scenedesmus,chlorophyte scenedesmus 16 32,16,32,,1,24,0.3
SJR2,FC,chlorophyte scenedesmus,chlorophyte scenedesmus 4 4,4,4,,2,0,0.7
SJR2,FC,chlorophyte scenedesmus,chlorophyte scenedesmus 4 8,4,8,,10,4,3.3
SJR2,FC,ciliate cone,ciliate cone 24 24,24,24,,151,4433,50.3
SJR2,FC,ciliate cone,ciliate cone 24 40,24,40,,1,53,0.3
SJR2,FC,ciliate round,ciliate round 14 14,14,14,,69,281,23.0
SJR2,FC,ciliate round,ciliate round 24 24,24,24,,309,9002,103.0
SJR2,FC,ciliate round,ciliate round 40 40,40,40,,3,842,1.0
SJR2,FC,ciliate round,ciliate round 5.5 5.5,5.5,5.5,,9,2,3.0
SJR2,FC,ciliate round,ciliate round 9.5 9.5,9.5,9.5,,52,68,17.3
SJR2,FC,cyanobacteria aphanizomenon,cyanobacteria aphanizomenon 4 56,4,56,,14,78,4.7
SJR2,FC,cyanobacteria aphanizomenon,cyanobacteria aphanizomenon 8 120,8,120,,64,3044,21.3
SJR2,FC,cyanobacteria aphanizomenon,cyanobacteria aphanizomenon 8 80,8,80,,30,956,10.0
SJR2,FC,cyanobacteria dolichospermum,cyanobacteria dolichospermum 6 64,6,64,,5,72,1.7
SJR2,FC,cyanobacteria dolichospermum,cyanobacteria dolichospermum 8 80,8,80,,10,319,3.3
SJR2,FC,diatom centric,diatom centric 14 14,14,14,,70,71,23.3
SJR2,FC,diatom centric,diatom centric 24.5 24.5,24.5,24.5,,50,231,16.7
SJR2,FC,diatom centric,diatom centric 5.5 5.5,5.5,5.5,,381,27,127.0
SJR2,FC,diatom centric,diatom centric 9.5 9.5,9.5,9.5,,172,56,57.3
SJR2,FC,diatom chain,diatom chain 8 80,8,80,,1,8,0.3
SJR2,FC,diatom pennate,diatom pennate 2 12,2,12,2,14,1,4.7
SJR2,FC,diatom pennate,diatom pennate 2 20,2,20,2,125,5,41.7
SJR2,FC,diatom pennate,diatom pennate 4 40,4,40,4,2,2,0.7
SJR2,FC,diatom pennate,diatom pennate 8 168,8,168,8,2,15,0.7
SJR2,FC,diatom pennate,diatom pennate 8 24,8,24,,1,2,0.3
SJR2,FC,diatom pennate,diatom pennate 8 56,8,56,,4,7,1.3
SJR2,FC,diatom pennate fragillaria,diatom pennate fragillaria 24 64,24,64,24,1,44,0.3
SJR2,FC,diatom pennate pleurosigma,diatom pennate pleurosigma 16 64,16,64,16,7,79,2.3
SJR2,FC,diatom pennate pleurosigma,diatom pennate pleurosigma 8 80,8,80,8,3,14,1.0
SJR2,FC,dinoflagellate peridinium,dinoflagellate peridinium 16 16,16,16,16,3,36,1.0
SJR2,FC,dinoflagellate peridinium,dinoflagellate peridinium 20 24,20,24,20,6,152,2.0
SJR2,FC,flagellate cryptomonas,flagellate cryptomonas 16 24,16,24,,15,236,5.0
SJR2,FC,flagellate cryptomonas,flagellate cryptomonas 3.67 5.5,3.67,5.5,,36,3,12.0
SJR2,FC,flagellate cryptomonas,flagellate cryptomonas 6.33 9.5,6.33,9.5,,213,74,71.0
SJR2,FC,flagellate cryptomonas,flagellate cryptomonas 8 24,8,24,,46,96,15.3
SJR2,FC,flagellate cryptomonas,flagellate cryptomonas 9 14,9,14,,127,128,42.3
SJR2,FC,flagellate other,flagellate other 3.67 5.5,3.67,5.5,,822,57,274.0
SJR2,FC,flagellate other,flagellate other 6.33 9.5,6.33,9.5,,77,29,25.7
SJR2,FC,unidentified NA,unidentified NA 12 12,12,12,,6,30,2.0
SJR2,FC,unidentified NA,unidentified NA 32 40,32,40,,1,110,0.3
SJR2,FC,unidentified NA,unidentified NA 6 14,6,14,,7,11,2.3
SJR2,FC,unidentified NA,unidentified NA 8 48,8,48,,2,18,0.7
SJR2,FC,unidentified round,unidentified round 24.5 24.5,24.5,24.5,,7,137,2.3
SJR2,FC,unidentified round,unidentified round 5.5 5.5,5.5,5.5,,277,44,92.3
SJR2,FC,unidentified round,unidentified round 9.5 9.5,9.5,9.5,,53,43,17.7
SJR2,IC,chlorophyte scenedesmus,chlorophyte scenedesmus 16 32,16,32,,2,24,0.7
SJR2,IC,chlorophyte scenedesmus,chlorophyte scenedesmus 4 4,4,4,,8,1,2.7
SJR2,IC,chlorophyte scenedesmus,chlorophyte scenedesmus 6 14,6,14,,9,14,3.0
SJR2,IC,ciliate cone,ciliate cone 24 24,24,24,,133,1328,44.3
SJR2,IC,ciliate cone,ciliate cone 24 40,24,40,,4,206,1.3
SJR2,IC,ciliate oblong,ciliate oblong 12 32,12,32,,1,21,0.3
SJR2,IC,ciliate round,ciliate round 14 14,14,14,,28,115,9.3
SJR2,IC,ciliate round,ciliate round 40 40,40,40,,5,699,1.7
SJR2,IC,ciliate round,ciliate round 5.5 5.5,5.5,5.5,,1,1,0.3
SJR2,IC,ciliate round,ciliate round 9.5 9.5,9.5,9.5,,25,33,8.3
SJR2,IC,cyanobacteria aphanizomenon,cyanobacteria aphanizomenon 8 80,8,80,,80,847,26.7
SJR2,IC,cyanobacteria dolichospermum,cyanobacteria dolichospermum 8 80,8,80,,28,891,9.3
SJR2,IC,diatom centric,diatom centric 14 14,14,14,,56,58,18.7
SJR2,IC,diatom centric,diatom centric 24.5 24.5,24.5,24.5,,78,341,26.0
SJR2,IC,diatom centric,diatom centric 40 40,40,40,,2,131,0.7
SJR2,IC,diatom centric,diatom centric 5.5 5.5,5.5,5.5,,427,29,142.3
SJR2,IC,diatom centric,diatom centric 9.5 9.5,9.5,9.5,,134,45,44.7
SJR2,IC,diatom chain,diatom chain 8 136,8,136,8,3,40,1.0
SJR2,IC,diatom chain,diatom chain 8 160,8,160,8,4,59,1.3
SJR2,IC,diatom pennate,diatom pennate 2 10,2,10,2,29,1,9.7
SJR2,IC,diatom pennate,diatom pennate 2 20,2,20,2,103,6,34.3
SJR2,IC,diatom pennate,diatom pennate 2 8,2,8,2,6,0,2.0
SJR2,IC,diatom pennate,diatom pennate 4 10,4,10,4,54,12,18.0
SJR2,IC,diatom pennate,diatom pennate 4 16,4,16,4,17,7,5.7
SJR2,IC,diatom pennate,diatom pennate 4 20,4,20,4,2,1,0.7
SJR2,IC,diatom pennate,diatom pennate 6 40,6,40,,2,5,0.7
SJR2,IC,diatom pennate,diatom pennate 6 80,6,80,,3,12,1.0
SJR2,IC,diatom pennate,diatom pennate 8 184,8,184,,2,29,0.7
SJR2,IC,diatom pennate,diatom pennate 8 40,8,40,8,1,4,0.3
SJR2,IC,diatom pennate,diatom pennate 8 64,8,64,8,1,6,0.3
SJR2,IC,diatom pennate pleurosigma,diatom pennate pleurosigma 6 56,6,56,6,12,20,4.0
SJR2,IC,diatom pennate pleurosigma,diatom pennate pleurosigma 8 120,8,120,8,4,25,1.3
SJR2,IC,diatom pennate pleurosigma,diatom pennate pleurosigma 8 80,8,80,8,3,13,1.0
SJR2,IC,dinoflagellate peridinium,dinoflagellate peridinium 24 24,24,24,24,19,224,6.3
SJR2,IC,flagellate colonial,flagellate colonial 16 16,16,16,,1,13,0.3
SJR2,IC,flagellate cryptomonas,flagellate cryptomonas 12 40,12,40,,1,17,0.3
SJR2,IC,flagellate cryptomonas,flagellate cryptomonas 3.67 5.5,3.67,5.5,,398,29,132.7
SJR2,IC,flagellate cryptomonas,flagellate cryptomonas 6.33 9.5,6.33,9.5,,483,161,161.0
SJR2,IC,flagellate cryptomonas,flagellate cryptomonas 8 24,8,24,,75,103,25.0
SJR2,IC,flagellate cryptomonas,flagellate cryptomonas 9 14,9,14,,158,157,52.7
SJR2,IC,flagellate other,flagellate other 3.67 5.5,3.67,5.5,,445,31,148.3
SJR2,IC,flagellate other,flagellate other 6.33 9.5,6.33,9.5,,118,43,39.3
SJR2,IC,tintinnid agglutinated,tintinnid agglutinated 24 32,24,32,,1,52,0.3
SJR2,IC,tintinnid agglutinated,tintinnid agglutinated 24 64,24,64,,1,100,0.3
SJR2,IC,unidentified NA,unidentified NA 10 10,10,10,,6,18,2.0
SJR2,IC,unidentified round,unidentified round 14 14,14,14,,8,32,2.7
SJR2,IC,unidentified round,unidentified round 24.5 24.5,24.5,24.5,,35,422,11.7
SJR2,IC,unidentified round,unidentified round 28 28,28,28,,4,226,1.3
SJR2,IC,unidentified round,unidentified round 5.5 5.5,5.5,5.5,,497,76,165.7
SJR2,IC,unidentified round,unidentified round 9.5 9.5,9.5,9.5,,98,77,32.7
SJR2,T24,chlorophyte scenedesmus,chlorophyte scenedesmus 4 4,4,4,,2,0,0.7
SJR2,T24,chlorophyte scenedesmus,chlorophyte scenedesmus 4 6,4,6,,1,0,0.3
SJR2,T24,chlorophyte scenedesmus,chlorophyte scenedesmus 4 8,4,8,,6,3,2.0
SJR2,T24,ciliate cone,ciliate cone 24 24,24,24,,47,1407,15.7
SJR2,T24,ciliate round,ciliate round 14 14,14,14,,8,34,2.7
SJR2,T24,ciliate round,ciliate round 24 24,24,24,,69,2050,23.0
SJR2,T24,ciliate round,ciliate round 40 40,40,40,,2,285,0.7
SJR2,T24,ciliate round,ciliate round 5.5 5.5,5.5,5.5,,5,2,1.7
SJR2,T24,ciliate round,ciliate round 9.5 9.5,9.5,9.5,,23,30,7.7
SJR2,T24,cyanobacteria aphanizomenon,cyanobacteria aphanizomenon 8 80,8,80,,28,297,9.3
SJR2,T24,cyanobacteria dolichospermum,cyanobacteria dolichospermum 6 80,6,80,,9,161,3.0
SJR2,T24,diatom centric,diatom centric 14 14,14,14,,17,20,5.7
SJR2,T24,diatom centric,diatom centric 24.5 24.5,24.5,24.5,,4,36,1.3
SJR2,T24,diatom centric,diatom centric 32 32,32,32,,1,39,0.3
SJR2,T24,diatom centric,diatom centric 5.5 5.5,5.5,5.5,,201,15,67.0
SJR2,T24,diatom centric,diatom centric 9.5 9.5,9.5,9.5,,37,14,12.3
SJR2,T24,diatom other,diatom other 8 24,8,24,,1,2,0.3
SJR2,T24,diatom pennate,diatom pennate 2 10,2,10,2,6,1,2.0
SJR2,T24,diatom pennate,diatom pennate 2 12,2,12,2,11,1,3.7
SJR2,T24,diatom pennate,diatom pennate 2 20,2,20,2,55,3,18.3
SJR2,T24,diatom pennate,diatom pennate 6 40,6,40,,1,3,0.3
SJR2,T24,diatom pennate,diatom pennate 8 56,8,56,,2,7,0.7
SJR2,T24,diatom pennate pleurosigma,diatom pennate pleurosigma 8 64,8,64,8,3,11,1.0
SJR2,T24,flagellate cryptomonas,flagellate cryptomonas 3.67 5.5,3.67,5.5,,36,4,12.0
SJR2,T24,flagellate cryptomonas,flagellate cryptomonas 6.33 9.5,6.33,9.5,,54,20,18.0
SJR2,T24,flagellate cryptomonas,flagellate cryptomonas 8 24,8,24,,2,10,0.7
SJR2,T24,flagellate cryptomonas,flagellate cryptomonas 9 14,9,14,,28,30,9.3
SJR2,T24,flagellate other,flagellate other 3.67 5.5,3.67,5.5,,501,36,167.0
SJR2,T24,flagellate other,flagellate other 6.33 9.5,6.33,9.5,,28,11,9.3
SJR2,T24,unidentified NA,unidentified NA 10 10,10,10,,1,3,0.3
SJR2,T24,unidentified NA,unidentified NA 10 16,10,16,,6,18,2.0
SJR2,T24,unidentified NA,unidentified NA 2 10,2,10,,1,0,0.3
SJR2,T24,unidentified NA,unidentified NA 3 8,3,8,,28,9,9.3
SJR2,T24,unidentified NA,unidentified NA 32 56,32,56,,1,151,0.3
SJR2,T24,unidentified round,unidentified round 24.5 24.5,24.5,24.5,,6,118,2.0
SJR2,T24,unidentified round,unidentified round 5.5 5.5,5.5,5.5,,146,24,48.7
SJR2,T24,unidentified round,unidentified round 80 80,80,80,,1,1181,0.3
SJR2,T24,unidentified round,unidentified round 9.5 9.5,9.5,9.5,,24,21,8.0
WLD2,FC,chlorophyte colonial,chlorophyte colonial 10 10,10,10,,2,7,0.7
WLD2,FC,chlorophyte colonial,chlorophyte colonial 12 12,12,12,,2,11,0.7
WLD2,FC,chlorophyte scenedesmus,chlorophyte scenedesmus 4 6,4,6,,3,1,1.0
WLD2,FC,chlorophyte scenedesmus,chlorophyte scenedesmus 4 8,4,8,,5,2,1.7
WLD2,FC,ciliate cone,ciliate cone 24 24,24,24,,351,3546,117.0
WLD2,FC,ciliate cone,ciliate cone 24 40,24,40,,7,377,2.3
WLD2,FC,ciliate cone,ciliate cone 32 36,32,36,,2,167,0.7
WLD2,FC,ciliate oblong,ciliate oblong 12 32,12,32,,3,64,1.0
WLD2,FC,ciliate oblong,ciliate oblong 16 32,16,32,,4,156,1.3
WLD2,FC,ciliate oblong,ciliate oblong 16 48,16,48,,4,222,1.3
WLD2,FC,ciliate oblong,ciliate oblong 40 72,40,72,,1,536,0.3
WLD2,FC,ciliate oblong,ciliate oblong 8 20,8,20,,6,36,2.0
WLD2,FC,ciliate oblong,ciliate oblong 8 72,8,72,,2,43,0.7
WLD2,FC,ciliate other,ciliate other 32 40,32,40,,1,185,0.3
WLD2,FC,ciliate other odd shape,ciliate other odd shape 32 136,32,136,,1,646,0.3
WLD2,FC,ciliate round,ciliate round 14 14,14,14,,72,301,24.0
WLD2,FC,ciliate round,ciliate round 24 24,24,24,,25,785,8.3
WLD2,FC,ciliate round,ciliate round 40 40,40,40,,3,441,1.0
WLD2,FC,ciliate round,ciliate round 48 48,48,48,,1,515,0.3
WLD2,FC,ciliate round,ciliate round 5.5 5.5,5.5,5.5,,71,19,23.7
WLD2,FC,ciliate round,ciliate round 9.5 9.5,9.5,9.5,,144,189,48.0
WLD2,FC,cyanobacteria aphanizomenon,cyanobacteria aphanizomenon 8 80,8,80,,148,1609,49.3
WLD2,FC,cyanobacteria dolichospermum,cyanobacteria dolichospermum 4 64,4,64,,3,20,1.0
WLD2,FC,cyanobacteria dolichospermum,cyanobacteria dolichospermum 6 200,6,200,,2,90,0.7
WLD2,FC,cyanobacteria dolichospermum,cyanobacteria dolichospermum 8 40,8,40,,1,16,0.3
WLD2,FC,cyanobacteria other,cyanobacteria other 6 80,6,80,,13,119,4.3
WLD2,FC,diatom centric,diatom centric 14 14,14,14,,5,10,1.7
WLD2,FC,diatom centric,diatom centric 24.5 24.5,24.5,24.5,,24,123,8.0
WLD2,FC,diatom centric,diatom centric 5.5 5.5,5.5,5.5,,32,3,10.7
WLD2,FC,diatom centric,diatom centric 9.5 9.5,9.5,9.5,,11,7,3.7
WLD2,FC,diatom chain,diatom chain 4 104,4,104,,1,3,0.3
WLD2,FC,diatom chain,diatom chain 8 120,8,120,,1,11,0.3
WLD2,FC,diatom chain,diatom chain 8 80,8,80,,2,14,0.7
WLD2,FC,diatom egg shaped,diatom egg shaped 32 80,32,80,,1,62,0.3
WLD2,FC,diatom pennate,diatom pennate 12 128,12,128,12,11,198,3.7
WLD2,FC,diatom pennate,diatom pennate 16 40,16,40,16,1,14,0.3
WLD2,FC,diatom pennate,diatom pennate 2 20,2,20,2,38,5,12.7
WLD2,FC,diatom pennate,diatom pennate 2 30,2,30,2,33,6,11.0
WLD2,FC,diatom pennate,diatom pennate 4 12,4,12,4,19,6,6.3
WLD2,FC,diatom pennate,diatom pennate 4 24,4,24,,4,3,1.3
WLD2,FC,diatom pennate,diatom pennate 4 64,4,64,4,2,2,0.7
WLD2,FC,diatom pennate,diatom pennate 8 24,8,24,,7,6,2.3
WLD2,FC,diatom pennate,diatom pennate 8 40,8,40,8,1,4,0.3
WLD2,FC,diatom pennate,diatom pennate 8 48,8,48,,23,42,7.7
WLD2,FC,diatom pennate,diatom pennate 8 80,8,80,8,4,14,1.3
WLD2,FC,diatom pennate fragillaria,diatom pennate fragillaria 16 96,16,96,16,1,32,0.3
WLD2,FC,diatom pennate pleurosigma,diatom pennate pleurosigma 12 96,12,96,12,4,44,1.3
WLD2,FC,diatom pennate pleurosigma,diatom pennate pleurosigma 16 88,16,88,16,1,19,0.3
WLD2,FC,flagellate cryptomonas,flagellate cryptomonas 3.67 5.5,3.67,5.5,,222,25,74.0
WLD2,FC,flagellate cryptomonas,flagellate cryptomonas 6 16,6,16,,4,7,1.3
WLD2,FC,flagellate cryptomonas,flagellate cryptomonas 6.33 9.5,6.33,9.5,,244,125,81.3
WLD2,FC,flagellate cryptomonas,flagellate cryptomonas 9 14,9,14,,14,46,4.7
WLD2,FC,flagellate other,flagellate other 3.67 5.5,3.67,5.5,,655,47,218.3
WLD2,FC,flagellate other,flagellate other 6.33 9.5,6.33,9.5,,227,81,75.7
WLD2,FC,flagellate other,flagellate other 9 14,9,14,,31,51,10.3
WLD2,FC,tintinnid agglutinated,tintinnid agglutinated 20 64,20,64,,26,1526,8.7
WLD2,FC,tintinnid agglutinated,tintinnid agglutinated 24 48,24,48,,14,914,4.7
WLD2,FC,tintinnid agglutinated,tintinnid agglutinated 24 64,24,64,,20,1754,6.7
WLD2,FC,tintinnid hyaline,tintinnid hyaline 16 36,16,36,,1,27,0.3
WLD2,FC,unidentified NA,unidentified NA 12 32,12,32,,7,93,2.3
WLD2,FC,unidentified NA,unidentified NA 16 72,16,72,,1,53,0.3
WLD2,FC,unidentified NA,unidentified NA 20 40,20,40,,13,534,4.3
WLD2,FC,unidentified NA,unidentified NA 24 32,24,32,,6,283,2.0
WLD2,FC,unidentified NA,unidentified NA 24 40,24,40,,26,1378,8.7
WLD2,FC,unidentified NA,unidentified NA 32 56,32,56,,5,690,1.7
WLD2,FC,unidentified rotifer,unidentified rotifer 32 48,32,48,,1,132,0.3
WLD2,FC,unidentified rotifer,unidentified rotifer 40 112,40,112,,1,445,0.3
WLD2,FC,unidentified rotifer,unidentified rotifer 48 120,48,120,,3,1870,1.0
WLD2,FC,unidentified round,unidentified round 14 14,14,14,,10,40,3.3
WLD2,FC,unidentified round,unidentified round 24.5 24.5,24.5,24.5,,149,1688,49.7
WLD2,FC,unidentified round,unidentified round 28 28,28,28,,8,456,2.7
WLD2,FC,unidentified round,unidentified round 5.5 5.5,5.5,5.5,,941,142,313.7
WLD2,FC,unidentified round,unidentified round 9.5 9.5,9.5,9.5,,111,89,37.0
WLD2,IC,chlorophyte colonial,chlorophyte colonial 16 16,16,16,,1,12,0.3
WLD2,IC,chlorophyte colonial,chlorophyte colonial 6 12,6,12,,2,1,0.7
WLD2,IC,chlorophyte colonial,chlorophyte colonial 6 6,6,6,,2,2,0.7
WLD2,IC,chlorophyte other,chlorophyte other 16 16,16,16,,1,12,0.3
WLD2,IC,chlorophyte scenedesmus,chlorophyte scenedesmus 4 6,4,6,,11,2,3.7
WLD2,IC,ciliate cone,ciliate cone 24 24,24,24,,63,629,21.0
WLD2,IC,ciliate oblong,ciliate oblong 12 56,12,56,,1,37,0.3
WLD2,IC,ciliate oblong,ciliate oblong 8 40,8,40,,3,18,1.0
WLD2,IC,ciliate round,ciliate round 14 14,14,14,,35,144,11.7
WLD2,IC,ciliate round,ciliate round 24 24,24,24,,15,306,5.0
WLD2,IC,ciliate round,ciliate round 36 36,36,36,,1,200,0.3
WLD2,IC,ciliate round,ciliate round 40 40,40,40,,3,426,1.0
WLD2,IC,ciliate round,ciliate round 5.5 5.5,5.5,5.5,,8,2,2.7
WLD2,IC,ciliate round,ciliate round 9.5 9.5,9.5,9.5,,54,69,18.0
WLD2,IC,cyanobacteria aphanizomenon,cyanobacteria aphanizomenon 8 80,8,80,,106,1117,35.3
WLD2,IC,cyanobacteria dolichospermum,cyanobacteria dolichospermum 4 80,4,80,,9,72,3.0
WLD2,IC,cyanobacteria other,cyanobacteria other 1.6 80,1.6,80,,1,1,0.3
WLD2,IC,cyanobacteria other,cyanobacteria other 4 80,4,80,,42,337,14.0
WLD2,IC,cyanobacteria other,cyanobacteria other 4 96,4,96,,11,101,3.7
WLD2,IC,cyanobacteria other,cyanobacteria other 6 80,6,80,,14,251,4.7
WLD2,IC,cyanobacteria other,cyanobacteria other 8 72,8,72,,1,27,0.3
WLD2,IC,diatom centric,diatom centric 14 14,14,14,,10,18,3.3
WLD2,IC,diatom centric,diatom centric 24.5 24.5,24.5,24.5,,10,79,3.3
WLD2,IC,diatom centric,diatom centric 5.5 5.5,5.5,5.5,,50,4,16.7
WLD2,IC,diatom centric,diatom centric 9.5 9.5,9.5,9.5,,25,10,8.3
WLD2,IC,diatom chain,diatom chain 16 240,16,240,,1,69,0.3
WLD2,IC,diatom chain,diatom chain 4 32,4,32,,1,1,0.3
WLD2,IC,diatom chain,diatom chain 4 64,4,64,,2,3,0.7
WLD2,IC,diatom pennate,diatom pennate 104 200,104,200,104,2,3623,0.7
WLD2,IC,diatom pennate,diatom pennate 12 48,12,48,12,1,10,0.3
WLD2,IC,diatom pennate,diatom pennate 12 56,12,56,12,4,39,1.3
WLD2,IC,diatom pennate,diatom pennate 16 64,16,64,16,1,26,0.3
WLD2,IC,diatom pennate,diatom pennate 2 20,2,20,2,96,4,32.0
WLD2,IC,diatom pennate,diatom pennate 20 56,20,56,20,3,75,1.0
WLD2,IC,diatom pennate,diatom pennate 4 40,4,40,4,15,13,5.0
WLD2,IC,diatom pennate,diatom pennate 6 120,6,120,,3,17,1.0
WLD2,IC,diatom pennate,diatom pennate 6 40,6,40,,7,13,2.3
WLD2,IC,diatom pennate,diatom pennate 6 48,6,48,,41,74,13.7
WLD2,IC,diatom pennate,diatom pennate 6 64,6,64,6,10,29,3.3
WLD2,IC,diatom pennate,diatom pennate 8 24,8,24,,5,8,1.7
WLD2,IC,diatom pennate,diatom pennate 8 32,8,32,8,1,3,0.3
WLD2,IC,diatom pennate,diatom pennate 8 48,8,48,,62,187,20.7
WLD2,IC,diatom pennate,diatom pennate 8 56,8,56,,7,12,2.3
WLD2,IC,diatom pennate,diatom pennate 8 80,8,80,8,18,98,6.0
WLD2,IC,diatom pennate pleurosigma,diatom pennate pleurosigma 8 44,8,44,8,5,13,1.7
WLD2,IC,flagellate cryptomonas,flagellate cryptomonas 3.67 5.5,3.67,5.5,,629,44,209.7
WLD2,IC,flagellate cryptomonas,flagellate cryptomonas 6.33 9.5,6.33,9.5,,815,260,271.7
WLD2,IC,flagellate cryptomonas,flagellate cryptomonas 8 24,8,24,,23,50,7.7
WLD2,IC,flagellate cryptomonas,flagellate cryptomonas 9 14,9,14,,86,88,28.7
WLD2,IC,flagellate euglenid,flagellate euglenid 8 32,8,32,,2,13,0.7
WLD2,IC,flagellate other,flagellate other 3.67 5.5,3.67,5.5,,323,23,107.7
WLD2,IC,flagellate other,flagellate other 6.33 9.5,6.33,9.5,,31,12,10.3
WLD2,IC,flagellate other,flagellate other 9 14,9,14,,14,24,4.7
WLD2,IC,tintinnid hyaline,tintinnid hyaline 12 32,12,32,,1,14,0.3
WLD2,IC,tintinnid hyaline,tintinnid hyaline 16 20,16,20,,2,30,0.7
WLD2,IC,unidentified NA,unidentified NA 12 32,12,32,,48,281,16.0
WLD2,IC,unidentified NA,unidentified NA 16 32,16,32,,1,23,0.3
WLD2,IC,unidentified NA,unidentified NA 16 40,16,40,,7,188,2.3
WLD2,IC,unidentified NA,unidentified NA 20 40,20,40,,18,660,6.0
WLD2,IC,unidentified NA,unidentified NA 8 168,8,168,,1,46,0.3
WLD2,IC,unidentified rotifer,unidentified rotifer 40 64,40,64,,1,261,0.3
WLD2,IC,unidentified rotifer,unidentified rotifer 48 120,48,120,,2,1218,0.7
WLD2,IC,unidentified round,unidentified round 24.5 24.5,24.5,24.5,,49,570,16.3
WLD2,IC,unidentified round,unidentified round 48 48,48,48,,4,988,1.3
WLD2,IC,unidentified round,unidentified round 5.5 5.5,5.5,5.5,,376,58,125.3
WLD2,IC,unidentified round,unidentified round 9.5 9.5,9.5,9.5,,64,51,21.3
WLD2,T24,chlorophyte colonial,chlorophyte colonial 8 8,8,8,,1,2,0.3
WLD2,T24,chlorophyte other,chlorophyte other 10 10,10,10,,11,30,3.7
WLD2,T24,chlorophyte scenedesmus,chlorophyte scenedesmus 4 6,4,6,,3,1,1.0
WLD2,T24,chlorophyte scenedesmus,chlorophyte scenedesmus 4 8,4,8,,10,2,3.3
WLD2,T24,ciliate cone,ciliate cone 24 24,24,24,,76,741,25.3
WLD2,T24,ciliate cone,ciliate cone 24 40,24,40,,1,51,0.3
WLD2,T24,ciliate cone,ciliate cone 40 48,40,48,,1,161,0.3
WLD2,T24,ciliate oblong,ciliate oblong 12 32,12,32,,2,21,0.7
WLD2,T24,ciliate oblong,ciliate oblong 8 20,8,20,,1,6,0.3
WLD2,T24,ciliate other,ciliate other 16 24,16,24,,2,53,0.7
WLD2,T24,ciliate round,ciliate round 14 14,14,14,,20,80,6.7
WLD2,T24,ciliate round,ciliate round 40 40,40,40,,1,266,0.3
WLD2,T24,ciliate round,ciliate round 5.5 5.5,5.5,5.5,,24,6,8.0
WLD2,T24,ciliate round,ciliate round 9.5 9.5,9.5,9.5,,75,93,25.0
WLD2,T24,cyanobacteria aphanizomenon,cyanobacteria aphanizomenon 8 80,8,80,,41,620,13.7
WLD2,T24,cyanobacteria dolichospermum,cyanobacteria dolichospermum 4 240,4,240,,1,23,0.3
WLD2,T24,diatom centric,diatom centric 14 14,14,14,,1,4,0.3
WLD2,T24,diatom centric,diatom centric 24.5 24.5,24.5,24.5,,7,58,2.3
WLD2,T24,diatom centric,diatom centric 5.5 5.5,5.5,5.5,,54,4,18.0
WLD2,T24,diatom centric,diatom centric 9.5 9.5,9.5,9.5,,15,6,5.0
WLD2,T24,diatom pennate,diatom pennate 2 20,2,20,2,85,4,28.3
WLD2,T24,diatom pennate,diatom pennate 4 120,4,120,4,1,3,0.3
WLD2,T24,diatom pennate,diatom pennate 4 40,4,40,4,2,2,0.7
WLD2,T24,diatom pennate,diatom pennate 4 64,4,64,4,1,2,0.3
WLD2,T24,diatom pennate,diatom pennate 8 40,8,40,8,1,4,0.3
WLD2,T24,diatom pennate pleurosigma,diatom pennate pleurosigma 8 120,8,120,8,1,7,0.3
WLD2,T24,diatom pennate pleurosigma,diatom pennate pleurosigma 8 64,8,64,8,4,14,1.3
WLD2,T24,flagellate cryptomonas,flagellate cryptomonas 3.67 5.5,3.67,5.5,,435,31,145.0
WLD2,T24,flagellate cryptomonas,flagellate cryptomonas 6.33 9.5,6.33,9.5,,214,73,71.3
WLD2,T24,flagellate cryptomonas,flagellate cryptomonas 9 14,9,14,,3,10,1.0
WLD2,T24,flagellate euglenid,flagellate euglenid 12 80,12,80,,1,34,0.3
WLD2,T24,flagellate other,flagellate other 3.67 5.5,3.67,5.5,,580,40,193.3
WLD2,T24,flagellate other,flagellate other 6.33 9.5,6.33,9.5,,36,14,12.0
WLD2,T24,flagellate other,flagellate other 9 14,9,14,,2,7,0.7
WLD2,T24,unidentified flagchloro,unidentified flagchloro 4 8,4,8,,46,26,15.3
WLD2,T24,unidentified NA,unidentified NA 24 40,24,40,,2,120,0.7
WLD2,T24,unidentified NA,unidentified NA 32 56,32,56,,1,153,0.3
WLD2,T24,unidentified round,unidentified round 14 14,14,14,,11,42,3.7
WLD2,T24,unidentified round,unidentified round 24.5 24.5,24.5,24.5,,139,2177,46.3
WLD2,T24,unidentified round,unidentified round 28 28,28,28,,5,270,1.7
WLD2,T24,unidentified round,unidentified round 5.5 5.5,5.5,5.5,,750,108,250.0
WLD2,T24,unidentified round,unidentified round 9.5 9.5,9.5,9.5,,54,42,18.0
YBP1,FC,chlorophyte colonial,chlorophyte colonial 12 12,12,12,,4,21,1.3
YBP1,FC,chlorophyte scenedesmus,chlorophyte scenedesmus 16 32,16,32,,1,25,0.3
YBP1,FC,chlorophyte scenedesmus,chlorophyte scenedesmus 4 4,4,4,,22,2,7.3
YBP1,FC,chlorophyte scenedesmus,chlorophyte scenedesmus 4 8,4,8,,7,3,2.3
YBP1,FC,chlorophyte scenedesmus,chlorophyte scenedesmus 8 12,8,12,,5,11,1.7
YBP1,FC,ciliate cone,ciliate cone 24 24,24,24,,429,4070,143.0
YBP1,FC,ciliate cone,ciliate cone 24 40,24,40,,131,5900,43.7
YBP1,FC,ciliate cone,ciliate cone 32 56,32,56,,1,131,0.3
YBP1,FC,ciliate other,ciliate other 19.2 32,19.2,32,,2,108,0.7
YBP1,FC,ciliate round,ciliate round 14 14,14,14,,128,496,42.7
YBP1,FC,ciliate round,ciliate round 24 24,24,24,,15,444,5.0
YBP1,FC,ciliate round,ciliate round 36 36,36,36,,2,417,0.7
YBP1,FC,ciliate round,ciliate round 40 40,40,40,,1,275,0.3
YBP1,FC,ciliate round,ciliate round 48 48,48,48,,1,472,0.3
YBP1,FC,ciliate round,ciliate round 5.5 5.5,5.5,5.5,,47,12,15.7
YBP1,FC,ciliate round,ciliate round 9.5 9.5,9.5,9.5,,199,245,66.3
YBP1,FC,cyanobacteria aphanizomenon,cyanobacteria aphanizomenon 8 320,8,320,,1,123,0.3
YBP1,FC,cyanobacteria aphanizomenon,cyanobacteria aphanizomenon 8 80,8,80,,17,546,5.7
YBP1,FC,cyanobacteria dolichospermum,cyanobacteria dolichospermum 4 160,4,160,,1,16,0.3
YBP1,FC,cyanobacteria dolichospermum,cyanobacteria dolichospermum 4 80,4,80,,1,8,0.3
YBP1,FC,cyanobacteria dolichospermum,cyanobacteria dolichospermum 6 56,6,56,,3,35,1.0
YBP1,FC,cyanobacteria NA,cyanobacteria NA 4 24,4,24,,11,25,3.7
YBP1,FC,diatom centric,diatom centric 14 14,14,14,,14,23,4.7
YBP1,FC,diatom centric,diatom centric 24.5 24.5,24.5,24.5,,40,184,13.3
YBP1,FC,diatom centric,diatom centric 5.5 5.5,5.5,5.5,,56,5,18.7
YBP1,FC,diatom centric,diatom centric 9.5 9.5,9.5,9.5,,21,8,7.0
YBP1,FC,diatom chain,diatom chain 16 240,16,240,,2,116,0.7
YBP1,FC,diatom chain,diatom chain 24 64,24,64,,2,78,0.7
YBP1,FC,diatom cylindrotheca pennate,diatom cylindrotheca pennate 8 72,8,72,,12,40,4.0
YBP1,FC,diatom egg shaped,diatom egg shaped 16 32,16,32,,1,8,0.3
YBP1,FC,diatom egg shaped,diatom egg shaped 32 48,32,48,,1,36,0.3
YBP1,FC,diatom pennate,diatom pennate 12 56,12,56,12,1,11,0.3
YBP1,FC,diatom pennate,diatom pennate 2 20,2,20,2,87,4,29.0
YBP1,FC,diatom pennate,diatom pennate 4 10,4,10,4,3,1,1.0
YBP1,FC,diatom pennate,diatom pennate 4 20,4,20,4,8,4,2.7
YBP1,FC,diatom pennate,diatom pennate 4 24,4,24,4,11,6,3.7
YBP1,FC,diatom pennate,diatom pennate 6 48,6,48,,11,23,3.7
YBP1,FC,diatom pennate,diatom pennate 6 80,6,80,,3,12,1.0
YBP1,FC,diatom pennate,diatom pennate 8 40,8,40,8,3,10,1.0
YBP1,FC,diatom pennate,diatom pennate 8 48,8,48,,6,24,2.0
YBP1,FC,diatom pennate pleurosigma,diatom pennate pleurosigma 6 56,6,56,6,9,16,3.0
YBP1,FC,diatom pennate pleurosigma,diatom pennate pleurosigma 8 80,8,80,8,2,9,0.7
YBP1,FC,dinoflagellate peridinium,dinoflagellate peridinium 24 24,24,24,24,1,40,0.3
YBP1,FC,flagellate cryptomonas,flagellate cryptomonas 3.67 5.5,3.67,5.5,,2295,143,765.0
YBP1,FC,flagellate cryptomonas,flagellate cryptomonas 6.33 9.5,6.33,9.5,,141,49,47.0
YBP1,FC,flagellate cryptomonas,flagellate cryptomonas 8 16,8,16,,8,22,2.7
YBP1,FC,flagellate cryptomonas,flagellate cryptomonas 9 14,9,14,,34,36,11.3
YBP1,FC,flagellate in a cone,flagellate in a cone 4 4,4,4,,53,5,17.7
YBP1,FC,flagellate in a cone,flagellate in a cone 6 6,6,6,,30,20,10.0
YBP1,FC,flagellate other,flagellate other 3.67 5.5,3.67,5.5,,829,55,276.3
YBP1,FC,flagellate other,flagellate other 6.33 9.5,6.33,9.5,,14,6,4.7
YBP1,FC,flagellate other,flagellate other 9 14,9,14,,2,4,0.7
YBP1,FC,tintinnid agglutinated,tintinnid agglutinated 16 24,16,24,,26,382,8.7
YBP1,FC,tintinnid agglutinated,tintinnid agglutinated 24 56,24,56,,22,1619,7.3
YBP1,FC,tintinnid agglutinated,tintinnid agglutinated 24 64,24,64,,14,1098,4.7
YBP1,FC,tintinnid hyaline,tintinnid hyaline 16 20,16,20,,1,15,0.3
YBP1,FC,tintinnid hyaline,tintinnid hyaline 16 24,16,24,,1,19,0.3
YBP1,FC,unidentified flagchloro,unidentified flagchloro 4 12,4,12,,14,6,4.7
YBP1,FC,unidentified flagchloro,unidentified flagchloro 4 20,4,20,,22,28,7.3
YBP1,FC,unidentified round,unidentified round 24.5 24.5,24.5,24.5,,23,276,7.7
YBP1,FC,unidentified round,unidentified round 5.5 5.5,5.5,5.5,,661,95,220.3
YBP1,FC,unidentified round,unidentified round 9.5 9.5,9.5,9.5,,53,41,17.7
YBP1,IC,chlorophyte scenedesmus,chlorophyte scenedesmus 4 4,4,4,,23,3,7.7
YBP1,IC,chlorophyte scenedesmus,chlorophyte scenedesmus 8 10,8,10,,3,6,1.0
YBP1,IC,ciliate cone,ciliate cone 24 24,24,24,,85,856,28.3
YBP1,IC,ciliate oblong,ciliate oblong 16 48,16,48,,1,55,0.3
YBP1,IC,ciliate round,ciliate round 14 14,14,14,,26,107,8.7
YBP1,IC,ciliate round,ciliate round 24 24,24,24,,15,463,5.0
YBP1,IC,ciliate round,ciliate round 40 40,40,40,,4,565,1.3
YBP1,IC,ciliate round,ciliate round 48 48,48,48,,1,493,0.3
YBP1,IC,ciliate round,ciliate round 5.5 5.5,5.5,5.5,,9,2,3.0
YBP1,IC,ciliate round,ciliate round 9.5 9.5,9.5,9.5,,35,46,11.7
YBP1,IC,cyanobacteria aphanizomenon,cyanobacteria aphanizomenon 4 80,4,80,,2,16,0.7
YBP1,IC,cyanobacteria aphanizomenon,cyanobacteria aphanizomenon 6 160,6,160,,3,109,1.0
YBP1,IC,cyanobacteria aphanizomenon,cyanobacteria aphanizomenon 8 80,8,80,,35,372,11.7
YBP1,IC,cyanobacteria dolichospermum,cyanobacteria dolichospermum 4 48,4,48,,3,14,1.0
YBP1,IC,cyanobacteria dolichospermum,cyanobacteria dolichospermum 4 64,4,64,,13,83,4.3
YBP1,IC,cyanobacteria dolichospermum,cyanobacteria dolichospermum 6 200,6,200,,6,262,2.0
YBP1,IC,diatom centric,diatom centric 14 14,14,14,,17,28,5.7
YBP1,IC,diatom centric,diatom centric 24.5 24.5,24.5,24.5,,39,185,13.0
YBP1,IC,diatom centric,diatom centric 5.5 5.5,5.5,5.5,,34,3,11.3
YBP1,IC,diatom centric,diatom centric 9.5 9.5,9.5,9.5,,16,7,5.3
YBP1,IC,diatom chain,diatom chain 4 104,4,104,,1,3,0.3
YBP1,IC,diatom pennate,diatom pennate 12 80,12,80,,2,20,0.7
YBP1,IC,diatom pennate,diatom pennate 16 160,16,160,16,2,110,0.7
YBP1,IC,diatom pennate,diatom pennate 2 10,2,10,2,7,1,2.3
YBP1,IC,diatom pennate,diatom pennate 2 20,2,20,2,109,5,36.3
YBP1,IC,diatom pennate,diatom pennate 4 24,4,24,4,4,3,1.3
YBP1,IC,diatom pennate,diatom pennate 6 64,6,64,6,26,36,8.7
YBP1,IC,diatom pennate,diatom pennate 6 72,6,72,6,6,20,2.0
YBP1,IC,diatom pennate,diatom pennate 8 24,8,24,,3,5,1.0
YBP1,IC,diatom pennate,diatom pennate 8 48,8,48,,2,9,0.7
YBP1,IC,diatom pennate pleurosigma,diatom pennate pleurosigma 6 56,6,56,6,7,12,2.3
YBP1,IC,diatom pennate pleurosigma,diatom pennate pleurosigma 8 44,8,44,8,21,45,7.0
YBP1,IC,flagellate colonial,flagellate colonial 16 16,16,16,,1,13,0.3
YBP1,IC,flagellate cryptomonas,flagellate cryptomonas 16 24,16,24,,10,163,3.3
YBP1,IC,flagellate cryptomonas,flagellate cryptomonas 3.67 5.5,3.67,5.5,,3653,231,1217.7
YBP1,IC,flagellate cryptomonas,flagellate cryptomonas 6.33 9.5,6.33,9.5,,228,79,76.0
YBP1,IC,flagellate cryptomonas,flagellate cryptomonas 8 24,8,24,,16,35,5.3
YBP1,IC,flagellate cryptomonas,flagellate cryptomonas 9 14,9,14,,97,99,32.3
YBP1,IC,flagellate in a cone,flagellate in a cone 4 4,4,4,,34,2,11.3
YBP1,IC,flagellate other,flagellate other 3.67 5.5,3.67,5.5,,724,51,241.3
YBP1,IC,flagellate other,flagellate other 6.33 9.5,6.33,9.5,,7,4,2.3
YBP1,IC,tintinnid agglutinated,tintinnid agglutinated 24 40,24,40,,3,182,1.0
YBP1,IC,tintinnid agglutinated,tintinnid agglutinated 32 40,32,40,,2,206,0.7
YBP1,IC,tintinnid agglutinated,tintinnid agglutinated 32 48,32,48,,8,933,2.7
YBP1,IC,unidentified flagchloro,unidentified flagchloro 4 10,4,10,,62,43,20.7
YBP1,IC,unidentified flagchloro,unidentified flagchloro 4 20,4,20,,60,41,20.0
YBP1,IC,unidentified NA,unidentified NA 16 24,16,24,,1,19,0.3
YBP1,IC,unidentified NA,unidentified NA 3 8,3,8,,18,6,6.0
YBP1,IC,unidentified NA,unidentified NA 32 32,32,32,,1,87,0.3
YBP1,IC,unidentified NA,unidentified NA 4 8,4,8,,12,5,4.0
YBP1,IC,unidentified NA,unidentified NA 6 14,6,14,,2,3,0.7
YBP1,IC,unidentified round,unidentified round 16 16,16,16,,1,13,0.3
YBP1,IC,unidentified round,unidentified round 24.5 24.5,24.5,24.5,,20,250,6.7
YBP1,IC,unidentified round,unidentified round 5.5 5.5,5.5,5.5,,534,81,178.0
YBP1,IC,unidentified round,unidentified round 9.5 9.5,9.5,9.5,,47,39,15.7
YBP1,T24,chlorophyte scenedesmus,chlorophyte scenedesmus 4 4,4,4,,16,2,5.3
YBP1,T24,chlorophyte scenedesmus,chlorophyte scenedesmus 6 6,6,6,,5,3,1.7
YBP1,T24,ciliate cone,ciliate cone 24 24,24,24,,105,1574,35.0
YBP1,T24,ciliate round,ciliate round 14 14,14,14,,56,225,18.7
YBP1,T24,ciliate round,ciliate round 24 24,24,24,,49,2783,16.3
YBP1,T24,ciliate round,ciliate round 40 40,40,40,,6,839,2.0
YBP1,T24,ciliate round,ciliate round 5.5 5.5,5.5,5.5,,24,6,8.0
YBP1,T24,ciliate round,ciliate round 9.5 9.5,9.5,9.5,,106,135,35.3
YBP1,T24,cyanobacteria aphanizomenon,cyanobacteria aphanizomenon 4 128,4,128,,1,13,0.3
YBP1,T24,cyanobacteria aphanizomenon,cyanobacteria aphanizomenon 4 80,4,80,,5,40,1.7
YBP1,T24,cyanobacteria dolichospermum,cyanobacteria dolichospermum 4 48,4,48,,3,14,1.0
YBP1,T24,cyanobacteria NA,cyanobacteria NA 4 50,4,50,,1,5,0.3
YBP1,T24,diatom centric,diatom centric 14 14,14,14,,5,9,1.7
YBP1,T24,diatom centric,diatom centric 24.5 24.5,24.5,24.5,,3,49,1.0
YBP1,T24,diatom centric,diatom centric 5.5 5.5,5.5,5.5,,52,5,17.3
YBP1,T24,diatom centric,diatom centric 9.5 9.5,9.5,9.5,,8,4,2.7
YBP1,T24,diatom cylindrotheca pennate,diatom cylindrotheca pennate 8 72,8,72,,6,24,2.0
YBP1,T24,diatom other,diatom other 16 32,16,32,16,1,12,0.3
YBP1,T24,diatom pennate,diatom pennate 2 20,2,20,2,96,4,32.0
YBP1,T24,diatom pennate,diatom pennate 4 26,4,26,4,6,4,2.0
YBP1,T24,diatom pennate,diatom pennate 6 120,6,120,,2,12,0.7
YBP1,T24,diatom pennate,diatom pennate 6 56,6,56,6,6,16,2.0
YBP1,T24,diatom pennate,diatom pennate 8 40,8,40,8,2,8,0.7
YBP1,T24,flagellate cryptomonas,flagellate cryptomonas 3.67 5.5,3.67,5.5,,2088,135,696.0
YBP1,T24,flagellate cryptomonas,flagellate cryptomonas 6.33 9.5,6.33,9.5,,40,15,13.3
YBP1,T24,flagellate in a cone,flagellate in a cone 4 4,4,4,,75,8,25.0
YBP1,T24,flagellate in a cone,flagellate in a cone 6 6,6,6,,21,13,7.0
YBP1,T24,flagellate other,flagellate other 3.67 5.5,3.67,5.5,,968,66,322.7
YBP1,T24,flagellate other,flagellate other 6.33 9.5,6.33,9.5,,6,7,2.0
YBP1,T24,tintinnid agglutinated,tintinnid agglutinated 24 40,24,40,,4,235,1.3
YBP1,T24,tintinnid agglutinated,tintinnid agglutinated 24 48,24,48,,3,215,1.0
YBP1,T24,tintinnid agglutinated,tintinnid agglutinated 32 48,32,48,,2,240,0.7
YBP1,T24,unidentified round,unidentified round 24.5 24.5,24.5,24.5,,40,464,13.3
YBP1,T24,unidentified round,unidentified round 5.5 5.5,5.5,5.5,,728,107,242.7
YBP1,T24,unidentified round,unidentified round 9.5 9.5,9.5,9.5,,43,35,14.3
YBP2,FC,chlorophyte actinastrum,chlorophyte actinastrum 2.5 12.5,2.5,12.5,,50,13,16.7
YBP2,FC,chlorophyte colonial,chlorophyte colonial 12 12,12,12,,20,155,6.7
YBP2,FC,chlorophyte colonial,chlorophyte colonial 16 16,16,16,,82,1312,27.3
YBP2,FC,chlorophyte colonial,chlorophyte colonial 24 24,24,24,,3,184,1.0
YBP2,FC,chlorophyte colonial,chlorophyte colonial 32 32,32,32,,13,1640,4.3
YBP2,FC,chlorophyte colonial,chlorophyte colonial 4 4,4,4,,21,12,7.0
YBP2,FC,chlorophyte other,chlorophyte other 10 10,10,10,,17,80,5.7
YBP2,FC,chlorophyte pediastrum,chlorophyte pediastrum 16 16,16,16,16,7,265,2.3
YBP2,FC,chlorophyte scenedesmus,chlorophyte scenedesmus 12 16,12,16,,3,34,1.0
YBP2,FC,chlorophyte scenedesmus,chlorophyte scenedesmus 16 24,16,24,,2,99,0.7
YBP2,FC,chlorophyte scenedesmus,chlorophyte scenedesmus 16 32,16,32,,1,68,0.3
YBP2,FC,chlorophyte scenedesmus,chlorophyte scenedesmus 4 6,4,6,,62,16,20.7
YBP2,FC,ciliate cone,ciliate cone 16 24,16,24,,42,775,14.0
YBP2,FC,ciliate cone,ciliate cone 32 56,32,56,,1,359,0.3
YBP2,FC,ciliate cone,ciliate cone 40 48,40,48,,2,574,0.7
YBP2,FC,ciliate oblong,ciliate oblong 16 24,16,24,,6,232,2.0
YBP2,FC,ciliate oblong,ciliate oblong 20 64,20,64,,1,191,0.3
YBP2,FC,ciliate oblong,ciliate oblong 40 56,40,56,,2,2182,0.7
YBP2,FC,ciliate oblong,ciliate oblong 40 72,40,72,,1,839,0.3
YBP2,FC,ciliate other odd shape,ciliate other odd shape 32 136,32,136,,1,1012,0.3
YBP2,FC,ciliate round,ciliate round 120 120,120,120,,9,76919,3.0
YBP2,FC,ciliate round,ciliate round 14 14,14,14,,80,734,26.7
YBP2,FC,ciliate round,ciliate round 24 24,24,24,,134,7941,44.7
YBP2,FC,ciliate round,ciliate round 36 36,36,36,,1,345,0.3
YBP2,FC,ciliate round,ciliate round 40 40,40,40,,9,4855,3.0
YBP2,FC,ciliate round,ciliate round 5.5 5.5,5.5,5.5,,4,3,1.3
YBP2,FC,ciliate round,ciliate round 9.5 9.5,9.5,9.5,,146,444,48.7
YBP2,FC,cyanobacteria aphanizomenon,cyanobacteria aphanizomenon 4 56,4,56,,123,1130,41.0
YBP2,FC,cyanobacteria aphanizomenon,cyanobacteria aphanizomenon 8 32,8,32,,143,5055,47.7
YBP2,FC,cyanobacteria aphanizomenon,cyanobacteria aphanizomenon 8 80,8,80,,7,1115,2.3
YBP2,FC,cyanobacteria dolichospermum,cyanobacteria dolichospermum 4 40,4,40,,22,144,7.3
YBP2,FC,cyanobacteria dolichospermum,cyanobacteria dolichospermum 4 64,4,64,,123,1292,41.0
YBP2,FC,cyanobacteria dolichospermum,cyanobacteria dolichospermum 8 144,8,144,,2,573,0.7
YBP2,FC,cyanobacteria dolichospermum,cyanobacteria dolichospermum 8 80,8,80,,1,88,0.3
YBP2,FC,cyanobacteria other,cyanobacteria other 4 128,4,128,,1,35,0.3
YBP2,FC,cyanobacteria other,cyanobacteria other 8 168,8,168,,23,2241,7.7
YBP2,FC,diatom centric,diatom centric 14 14,14,14,,110,299,36.7
YBP2,FC,diatom centric,diatom centric 24.5 24.5,24.5,24.5,,37,551,12.3
YBP2,FC,diatom centric,diatom centric 5.5 5.5,5.5,5.5,,319,66,106.3
YBP2,FC,diatom centric,diatom centric 9.5 9.5,9.5,9.5,,234,204,78.0
YBP2,FC,diatom chain,diatom chain 16 160,16,160,,1,79,0.3
YBP2,FC,diatom chain,diatom chain 4 20,4,20,,7,6,2.3
YBP2,FC,diatom chain,diatom chain 6 176,6,176,,58,546,19.3
YBP2,FC,diatom chain,diatom chain 8 160,8,160,8,29,500,9.7
YBP2,FC,diatom cylindrotheca pennate,diatom cylindrotheca pennate 8 72,8,72,,76,238,25.3
YBP2,FC,diatom egg shaped,diatom egg shaped 32 80,32,80,,2,240,0.7
YBP2,FC,diatom other,diatom other 8 24,8,24,,2,6,0.7
YBP2,FC,diatom pennate,diatom pennate 16 160,16,160,16,1,296,0.3
YBP2,FC,diatom pennate,diatom pennate 24 72,24,72,24,1,80,0.3
YBP2,FC,diatom pennate,diatom pennate 4 16,4,16,4,11,13,3.7
YBP2,FC,diatom pennate,diatom pennate 4 200,4,200,4,7,141,2.3
YBP2,FC,diatom pennate,diatom pennate 4 24,4,24,4,110,67,36.7
YBP2,FC,diatom pennate,diatom pennate 6 48,6,48,,8,30,2.7
YBP2,FC,diatom pennate,diatom pennate 8 120,8,120,8,3,97,1.0
YBP2,FC,diatom pennate,diatom pennate 8 184,8,184,,36,452,12.0
YBP2,FC,diatom pennate,diatom pennate 8 256,8,256,8,7,196,2.3
YBP2,FC,diatom pennate,diatom pennate 8 32,8,32,8,6,46,2.0
YBP2,FC,diatom pennate,diatom pennate 8 320,8,320,8,7,401,2.3
YBP2,FC,diatom pennate,diatom pennate 8 48,8,48,,99,386,33.0
YBP2,FC,diatom pennate,diatom pennate 8 56,8,56,,14,111,4.7
YBP2,FC,diatom pennate,diatom pennate 8 64,8,64,8,20,145,6.7
YBP2,FC,diatom pennate,diatom pennate 8 80,8,80,8,11,75,3.7
YBP2,FC,diatom pennate pleurosigma,diatom pennate pleurosigma 16 88,16,88,16,3,250,1.0
YBP2,FC,flagellate cryptomonas,flagellate cryptomonas 16 48,16,48,,1,178,0.3
YBP2,FC,flagellate cryptomonas,flagellate cryptomonas 9 14,9,14,,10,165,3.3
YBP2,FC,flagellate euglenid,flagellate euglenid 16 48,16,48,,4,265,1.3
YBP2,FC,flagellate euglenid,flagellate euglenid 40 40,40,40,,3,776,1.0
YBP2,FC,flagellate euglenid,flagellate euglenid 8 136,8,136,,1,42,0.3
YBP2,FC,flagellate NA,flagellate NA 16 32,16,32,,4,148,1.3
YBP2,FC,flagellate other,flagellate other 3.67 5.5,3.67,5.5,,355,82,118.3
YBP2,FC,flagellate other,flagellate other 6.33 9.5,6.33,9.5,,252,242,84.0
YBP2,FC,flagellate other,flagellate other 9 14,9,14,,56,189,18.7
YBP2,FC,tintinnid agglutinated,tintinnid agglutinated 24 64,24,64,,8,1161,2.7
YBP2,FC,tintinnid agglutinated,tintinnid agglutinated 24 96,24,96,,7,2046,2.3
YBP2,FC,tintinnid agglutinated,tintinnid agglutinated 32 48,32,48,,1,363,0.3
YBP2,FC,tintinnid agglutinated,tintinnid agglutinated 32 56,32,56,,2,478,0.7
YBP2,FC,tintinnid hyaline,tintinnid hyaline 16 36,16,36,,8,958,2.7
YBP2,FC,unidentified flagchloro,unidentified flagchloro 4 10,4,10,,76,143,25.3
YBP2,FC,unidentified flagchloro,unidentified flagchloro 4 12,4,12,,134,250,44.7
YBP2,FC,unidentified NA,unidentified NA 16 24,16,24,,12,532,4.0
YBP2,FC,unidentified NA,unidentified NA 4 8,4,8,,11,13,3.7
YBP2,FC,unidentified NA,unidentified NA 8 24,8,24,,19,401,6.3
YBP2,FC,unidentified rotifer,unidentified rotifer 40 64,40,64,,3,1206,1.0
YBP2,FC,unidentified rotifer,unidentified rotifer 48 120,48,120,,1,1093,0.3
YBP2,FC,unidentified round,unidentified round 14 14,14,14,,53,307,17.7
YBP2,FC,unidentified round,unidentified round 24.5 24.5,24.5,24.5,,106,3805,35.3
YBP2,FC,unidentified round,unidentified round 28 28,28,28,,8,1201,2.7
YBP2,FC,unidentified round,unidentified round 5.5 5.5,5.5,5.5,,408,192,136.0
YBP2,FC,unidentified round,unidentified round 9.5 9.5,9.5,9.5,,88,177,29.3
YBP2,IC,chlorophyte actinastrum,chlorophyte actinastrum 2.5 12.5,2.5,12.5,,80,9,26.7
YBP2,IC,chlorophyte colonial,chlorophyte colonial 10 10,10,10,,19,37,6.3
YBP2,IC,chlorophyte colonial,chlorophyte colonial 12 12,12,12,,7,44,2.3
YBP2,IC,chlorophyte colonial,chlorophyte colonial 16 16,16,16,,20,74,6.7
YBP2,IC,chlorophyte colonial,chlorophyte colonial 24 24,24,24,,4,183,1.3
YBP2,IC,chlorophyte colonial,chlorophyte colonial 32 104,32,104,,2,213,0.7
YBP2,IC,chlorophyte colonial,chlorophyte colonial 32 32,32,32,,2,214,0.7
YBP2,IC,chlorophyte colonial,chlorophyte colonial 4 16,4,16,,42,11,14.0
YBP2,IC,chlorophyte colonial,chlorophyte colonial 40 40,40,40,,1,247,0.3
YBP2,IC,chlorophyte colonial,chlorophyte colonial 6 6,6,6,,47,64,15.7
YBP2,IC,chlorophyte colonial,chlorophyte colonial 64 64,64,64,,1,788,0.3
YBP2,IC,chlorophyte colonial,chlorophyte colonial 8 16,8,16,,7,8,2.3
YBP2,IC,chlorophyte colonial,chlorophyte colonial 8 8,8,8,,77,132,25.7
YBP2,IC,chlorophyte pediastrum,chlorophyte pediastrum 40 40,40,40,40,3,1015,1.0
YBP2,IC,chlorophyte scenedesmus,chlorophyte scenedesmus 10 16,10,16,,7,41,2.3
YBP2,IC,chlorophyte scenedesmus,chlorophyte scenedesmus 14 20,14,20,,2,29,0.7
YBP2,IC,chlorophyte scenedesmus,chlorophyte scenedesmus 16 24,16,24,,3,65,1.0
YBP2,IC,chlorophyte scenedesmus,chlorophyte scenedesmus 16 32,16,32,,4,111,1.3
YBP2,IC,chlorophyte scenedesmus,chlorophyte scenedesmus 4 6,4,6,,48,9,16.0
YBP2,IC,chlorophyte scenedesmus,chlorophyte scenedesmus 6 6,6,6,,1,1,0.3
YBP2,IC,chlorophyte scenedesmus,chlorophyte scenedesmus 8 12,8,12,,8,27,2.7
YBP2,IC,ciliate cone,ciliate cone 24 24,24,24,,210,3883,70.0
YBP2,IC,ciliate oblong,ciliate oblong 16 48,16,48,,1,70,0.3
YBP2,IC,ciliate oblong,ciliate oblong 20 64,20,64,,1,145,0.3
YBP2,IC,ciliate oblong,ciliate oblong 72 80,72,80,,1,2646,0.3
YBP2,IC,ciliate oblong,ciliate oblong 80 120,80,120,,1,4116,0.3
YBP2,IC,ciliate round,ciliate round 120 120,120,120,,2,17981,0.7
YBP2,IC,ciliate round,ciliate round 14 14,14,14,,84,454,28.0
YBP2,IC,ciliate round,ciliate round 24 24,24,24,,109,9418,36.3
YBP2,IC,ciliate round,ciliate round 40 40,40,40,,2,389,0.7
YBP2,IC,ciliate round,ciliate round 48 48,48,48,,3,1792,1.0
YBP2,IC,ciliate round,ciliate round 5.5 5.5,5.5,5.5,,44,15,14.7
YBP2,IC,ciliate round,ciliate round 9.5 9.5,9.5,9.5,,64,110,21.3
YBP2,IC,cyanobacteria aphanizomenon,cyanobacteria aphanizomenon 8 80,8,80,,415,5774,138.3
YBP2,IC,cyanobacteria dolichospermum,cyanobacteria dolichospermum 4 120,4,120,,28,493,9.3
YBP2,IC,cyanobacteria dolichospermum,cyanobacteria dolichospermum 4 40,4,40,,76,376,25.3
YBP2,IC,cyanobacteria dolichospermum,cyanobacteria dolichospermum 8 80,8,80,,16,637,5.3
YBP2,IC,cyanobacteria other,cyanobacteria other 4 128,4,128,,1,19,0.3
YBP2,IC,diatom centric,diatom centric 14 14,14,14,,70,137,23.3
YBP2,IC,diatom centric,diatom centric 24.5 24.5,24.5,24.5,,58,513,19.3
YBP2,IC,diatom centric,diatom centric 40 40,40,40,,40,2288,13.3
YBP2,IC,diatom centric,diatom centric 5.5 5.5,5.5,5.5,,336,32,112.0
YBP2,IC,diatom centric,diatom centric 9.5 9.5,9.5,9.5,,331,133,110.3
YBP2,IC,diatom chain,diatom chain 16 240,16,240,,11,276,3.7
YBP2,IC,diatom chain,diatom chain 4 160,4,160,,49,160,16.3
YBP2,IC,diatom chain,diatom chain 8 256,8,256,,26,276,8.7
YBP2,IC,diatom cylindrotheca pennate,diatom cylindrotheca pennate 8 72,8,72,,42,67,14.0
YBP2,IC,diatom egg shaped,diatom egg shaped 16 32,16,32,,1,10,0.3
YBP2,IC,diatom egg shaped,diatom egg shaped 32 48,32,48,,7,163,2.3
YBP2,IC,diatom egg shaped,diatom egg shaped 32 80,32,80,,3,202,1.0
YBP2,IC,diatom pennate,diatom pennate 1 20,1,20,1,4,0,1.3
YBP2,IC,diatom pennate,diatom pennate 16 360,16,360,16,2,277,0.7
YBP2,IC,diatom pennate,diatom pennate 16 64,16,64,16,1,39,0.3
YBP2,IC,diatom pennate,diatom pennate 2 96,2,96,2,5,2,1.7
YBP2,IC,diatom pennate,diatom pennate 20 112,20,112,20,1,65,0.3
YBP2,IC,diatom pennate,diatom pennate 24 72,24,72,24,1,61,0.3
YBP2,IC,diatom pennate,diatom pennate 4 10,4,10,4,42,12,14.0
YBP2,IC,diatom pennate,diatom pennate 4 12,4,12,4,26,9,8.7
YBP2,IC,diatom pennate,diatom pennate 4 16,4,16,4,10,5,3.3
YBP2,IC,diatom pennate,diatom pennate 4 160,4,160,4,39,71,13.0
YBP2,IC,diatom pennate,diatom pennate 4 240,4,240,,30,123,10.0
YBP2,IC,diatom pennate,diatom pennate 4 26,4,26,4,1,1,0.3
YBP2,IC,diatom pennate,diatom pennate 4 32,4,32,,16,9,5.3
YBP2,IC,diatom pennate,diatom pennate 4 56,4,56,4,81,99,27.0
YBP2,IC,diatom pennate,diatom pennate 4 64,4,64,4,101,82,33.7
YBP2,IC,diatom pennate,diatom pennate 4 96,4,96,4,14,34,4.7
YBP2,IC,diatom pennate,diatom pennate 6 160,6,160,6,27,116,9.0
YBP2,IC,diatom pennate,diatom pennate 8 120,8,120,8,9,37,3.0
YBP2,IC,diatom pennate,diatom pennate 8 168,8,168,8,7,62,2.3
YBP2,IC,diatom pennate,diatom pennate 8 184,8,184,,30,397,10.0
YBP2,IC,diatom pennate,diatom pennate 8 24,8,24,,6,7,2.0
YBP2,IC,diatom pennate,diatom pennate 8 256,8,256,8,1,31,0.3
YBP2,IC,diatom pennate,diatom pennate 8 40,8,40,8,9,36,3.0
YBP2,IC,diatom pennate,diatom pennate 8 48,8,48,,6,35,2.0
YBP2,IC,diatom pennate,diatom pennate 8 56,8,56,,13,25,4.3
YBP2,IC,diatom pennate,diatom pennate 8 64,8,64,8,3,21,1.0
YBP2,IC,diatom pennate pleurosigma,diatom pennate pleurosigma 16 144,16,144,16,4,124,1.3
YBP2,IC,diatom pennate pleurosigma,diatom pennate pleurosigma 16 184,16,184,16,2,83,0.7
YBP2,IC,dinoflagellate peridinium,dinoflagellate peridinium 16 16,16,16,16,15,103,5.0
YBP2,IC,dinoflagellate peridinium,dinoflagellate peridinium 24 24,24,24,24,19,454,6.3
YBP2,IC,flagellate cryptomonas,flagellate cryptomonas 16 24,16,24,,96,1688,32.0
YBP2,IC,flagellate cryptomonas,flagellate cryptomonas 16 48,16,48,,7,277,2.3
YBP2,IC,flagellate cryptomonas,flagellate cryptomonas 8 24,8,24,,174,452,58.0
YBP2,IC,flagellate euglenid,flagellate euglenid 12 80,12,80,,10,210,3.3
YBP2,IC,flagellate euglenid,flagellate euglenid 16 48,16,48,,1,45,0.3
YBP2,IC,flagellate euglenid,flagellate euglenid 8 40,8,40,,17,145,5.7
YBP2,IC,flagellate NA,flagellate NA 12 20,12,20,,3,38,1.0
YBP2,IC,flagellate NA,flagellate NA 16 32,16,32,,4,112,1.3
YBP2,IC,flagellate NA,flagellate NA 24 32,24,32,,31,631,10.3
YBP2,IC,flagellate NA,flagellate NA 8 16,8,16,,20,72,6.7
YBP2,IC,flagellate other,flagellate other 3.67 5.5,3.67,5.5,,213,22,71.0
YBP2,IC,flagellate other,flagellate other 6.33 9.5,6.33,9.5,,374,168,124.7
YBP2,IC,flagellate other,flagellate other 9 14,9,14,,188,235,62.7
YBP2,IC,ochrophyte synura,ochrophyte synura 32 32,32,32,,55,1802,18.3
YBP2,IC,tintinnid agglutinated,tintinnid agglutinated 24 120,24,120,,120,23816,40.0
YBP2,IC,tintinnid agglutinated,tintinnid agglutinated 24 96,24,96,,288,19381,96.0
YBP2,IC,tintinnid agglutinated,tintinnid agglutinated 32 56,32,56,,4,820,1.3
YBP2,IC,tintinnid agglutinated,tintinnid agglutinated 32 64,32,64,,2,409,0.7
YBP2,IC,unidentified NA,unidentified NA 16 32,16,32,,1,30,0.3
YBP2,IC,unidentified NA,unidentified NA 2 10,2,10,,4,1,1.3
YBP2,IC,unidentified NA,unidentified NA 24 40,24,40,,5,362,1.7
YBP2,IC,unidentified NA,unidentified NA 4 8,4,8,,6,3,2.0
YBP2,IC,unidentified NA,unidentified NA 40 72,40,72,,1,362,0.3
YBP2,IC,unidentified rotifer,unidentified rotifer 24 40,24,40,,3,224,1.0
YBP2,IC,unidentified rotifer,unidentified rotifer 32 48,32,48,,1,193,0.3
YBP2,IC,unidentified rotifer,unidentified rotifer 40 112,40,112,,1,650,0.3
YBP2,IC,unidentified rotifer,unidentified rotifer 40 64,40,64,,1,326,0.3
YBP2,IC,unidentified round,unidentified round 14 14,14,14,,52,163,17.3
YBP2,IC,unidentified round,unidentified round 24.5 24.5,24.5,24.5,,75,1132,25.0
YBP2,IC,unidentified round,unidentified round 48 48,48,48,,1,413,0.3
YBP2,IC,unidentified round,unidentified round 5.5 5.5,5.5,5.5,,312,65,104.0
YBP2,IC,unidentified round,unidentified round 9.5 9.5,9.5,9.5,,201,198,67.0
YBP2,T24,chlorophyte actinastrum,chlorophyte actinastrum 2.5 12.5,2.5,12.5,,10,3,3.3
YBP2,T24,chlorophyte colonial,chlorophyte colonial 10 10,10,10,,88,374,29.3
YBP2,T24,chlorophyte colonial,chlorophyte colonial 12 12,12,12,,3,26,1.0
YBP2,T24,chlorophyte colonial,chlorophyte colonial 6 12,6,12,,3,7,1.0
YBP2,T24,chlorophyte colonial,chlorophyte colonial 6 6,6,6,,5,16,1.7
YBP2,T24,chlorophyte scenedesmus,chlorophyte scenedesmus 4 4,4,4,,26,6,8.7
YBP2,T24,chlorophyte scenedesmus,chlorophyte scenedesmus 4 6,4,6,,41,20,13.7
YBP2,T24,chlorophyte scenedesmus,chlorophyte scenedesmus 4 8,4,8,,14,18,4.7
YBP2,T24,chlorophyte scenedesmus,chlorophyte scenedesmus 6 8,6,8,,8,22,2.7
YBP2,T24,ciliate cone,ciliate cone 12 20,12,20,,11,213,3.7
YBP2,T24,ciliate cone,ciliate cone 16 24,16,24,,23,303,7.7
YBP2,T24,ciliate cone,ciliate cone 32 36,32,36,,4,968,1.3
YBP2,T24,ciliate cone,ciliate cone 40 48,40,48,,3,841,1.0
YBP2,T24,ciliate oblong,ciliate oblong 16 24,16,24,,1,89,0.3
YBP2,T24,ciliate round,ciliate round 14 14,14,14,,28,429,9.3
YBP2,T24,ciliate round,ciliate round 24 24,24,24,,12,1112,4.0
YBP2,T24,ciliate round,ciliate round 40 40,40,40,,21,17787,7.0
YBP2,T24,ciliate round,ciliate round 48 48,48,48,,1,1443,0.3
YBP2,T24,ciliate round,ciliate round 5.5 5.5,5.5,5.5,,19,24,6.3
YBP2,T24,ciliate round,ciliate round 9.5 9.5,9.5,9.5,,14,55,4.7
YBP2,T24,cyanobacteria aphanizomenon,cyanobacteria aphanizomenon 8 120,8,120,,130,10262,43.3
YBP2,T24,cyanobacteria aphanizomenon,cyanobacteria aphanizomenon 8 320,8,320,,4,1504,1.3
YBP2,T24,cyanobacteria aphanizomenon,cyanobacteria aphanizomenon 8 80,8,80,,105,5083,35.0
YBP2,T24,cyanobacteria dolichospermum,cyanobacteria dolichospermum 6 200,6,200,,5,370,1.7
YBP2,T24,cyanobacteria other,cyanobacteria other 8 72,8,72,,1,89,0.3
YBP2,T24,diatom centric,diatom centric 14 14,14,14,,13,54,4.3
YBP2,T24,diatom centric,diatom centric 24.5 24.5,24.5,24.5,,21,265,7.0
YBP2,T24,diatom centric,diatom centric 5.5 5.5,5.5,5.5,,107,28,35.7
YBP2,T24,diatom centric,diatom centric 9.5 9.5,9.5,9.5,,52,42,17.3
YBP2,T24,diatom chain,diatom chain 16 160,16,160,,1,79,0.3
YBP2,T24,diatom chain,diatom chain 4 160,4,160,,1,13,0.3
YBP2,T24,diatom chain,diatom chain 8 256,8,256,,3,93,1.0
YBP2,T24,diatom chain,diatom chain 8 80,8,80,,2,42,0.7
YBP2,T24,diatom cylindrotheca pennate,diatom cylindrotheca pennate 8 72,8,72,,14,52,4.7
YBP2,T24,diatom egg shaped,diatom egg shaped 16 32,16,32,,2,25,0.7
YBP2,T24,diatom egg shaped,diatom egg shaped 32 48,32,48,,2,214,0.7
YBP2,T24,diatom pennate,diatom pennate 2 96,2,96,2,1,1,0.3
YBP2,T24,diatom pennate,diatom pennate 24 32,24,32,,5,113,1.7
YBP2,T24,diatom pennate,diatom pennate 24 72,24,72,24,1,80,0.3
YBP2,T24,diatom pennate,diatom pennate 3 20,3,20,3,3,3,1.0
YBP2,T24,diatom pennate,diatom pennate 4 160,4,160,4,1,13,0.3
YBP2,T24,diatom pennate,diatom pennate 4 24,4,24,4,15,14,5.0
YBP2,T24,diatom pennate,diatom pennate 4 26,4,26,4,9,10,3.0
YBP2,T24,diatom pennate,diatom pennate 4 36,4,36,4,33,32,11.0
YBP2,T24,diatom pennate,diatom pennate 4 56,4,56,4,8,17,2.7
YBP2,T24,diatom pennate,diatom pennate 4 64,4,64,4,1,6,0.3
YBP2,T24,diatom pennate,diatom pennate 8 120,8,120,8,1,22,0.3
YBP2,T24,diatom pennate,diatom pennate 8 40,8,40,8,5,51,1.7
YBP2,T24,diatom pennate,diatom pennate 8 56,8,56,,5,27,1.7
YBP2,T24,diatom pennate,diatom pennate 8 64,8,64,8,1,20,0.3
YBP2,T24,diatom pennate,diatom pennate 8 80,8,80,8,6,116,2.0
YBP2,T24,diatom pennate fragillaria,diatom pennate fragillaria 64 80,64,80,64,6,2397,2.0
YBP2,T24,diatom pennate pleurosigma,diatom pennate pleurosigma 16 144,16,144,16,2,159,0.7
YBP2,T24,flagellate cryptomonas,flagellate cryptomonas 3.67 5.5,3.67,5.5,,23,9,7.7
YBP2,T24,flagellate euglenid,flagellate euglenid 16 144,16,144,,1,295,0.3
YBP2,T24,flagellate euglenid,flagellate euglenid 16 48,16,48,,1,111,0.3
YBP2,T24,flagellate euglenid,flagellate euglenid 8 136,8,136,,1,43,0.3
YBP2,T24,flagellate other,flagellate other 3.67 5.5,3.67,5.5,,717,111,239.0
YBP2,T24,flagellate other,flagellate other 6.33 9.5,6.33,9.5,,112,99,37.3
YBP2,T24,flagellate other,flagellate other 9 14,9,14,,34,92,11.3
YBP2,T24,tintinnid agglutinated,tintinnid agglutinated 24 32,24,32,,1,86,0.3
YBP2,T24,unidentified flagchloro,unidentified flagchloro 4 12,4,12,,40,55,13.3
YBP2,T24,unidentified flagchloro,unidentified flagchloro 4 8,4,8,,31,53,10.3
YBP2,T24,unidentified NA,unidentified NA 16 24,16,24,,123,1457,41.0
YBP2,T24,unidentified NA,unidentified NA 16 40,16,40,,11,889,3.7
YBP2,T24,unidentified NA,unidentified NA 2 10,2,10,2,27,9,9.0
YBP2,T24,unidentified NA,unidentified NA 4 8,4,8,,115,70,38.3
YBP2,T24,unidentified NA,unidentified NA 6 14,6,14,,2,11,0.7
YBP2,T24,unidentified round,unidentified round 14 14,14,14,,25,172,8.3
YBP2,T24,unidentified round,unidentified round 24.5 24.5,24.5,24.5,,63,1941,21.0
YBP2,T24,unidentified round,unidentified round 40 40,40,40,,2,1002,0.7
YBP2,T24,unidentified round,unidentified round 5.5 5.5,5.5,5.5,,707,244,235.7
YBP2,T24,unidentified round,unidentified round 9.5 9.5,9.5,9.5,,144,218,48.0